year,island,month,Totalamount
1991,O'AHU,Jan,408322.82
1991,O'AHU,Feb,296242.88
1991,O'AHU,Mar,361459.93
1991,O'AHU,Apr,362282.54
1991,O'AHU,May,391957.63
1991,O'AHU,Jun,447115.05
1991,O'AHU,Jul,481785.80
1991,O'AHU,Aug,495543.50
1991,O'AHU,Sep,407802.61
1991,O'AHU,Oct,373013.91
1991,O'AHU,Nov,377872.76
1991,O'AHU,Dec,427627.15
1991,MAUI,Jan,166997.65
1991,MAUI,Feb,140214.86
1991,MAUI,Mar,182890.04
1991,MAUI,Apr,177258.41
1991,MAUI,May,173022.26
1991,MAUI,Jun,195620.86
1991,MAUI,Jul,202828.50
1991,MAUI,Aug,204338.04
1991,MAUI,Sep,163767.44
1991,MAUI,Oct,179335.71
1991,MAUI,Nov,171972.04
1991,MAUI,Dec,170774.15
1991,MOLOKA'I,Jan,8680.67
1991,MOLOKA'I,Feb,7589.13
1991,MOLOKA'I,Mar,9629.17
1991,MOLOKA'I,Apr,7822.32
1991,MOLOKA'I,May,9056.88
1991,MOLOKA'I,Jun,6802.02
1991,MOLOKA'I,Jul,8526.67
1991,MOLOKA'I,Aug,7159.76
1991,MOLOKA'I,Sep,4553.01
1991,MOLOKA'I,Oct,6292.22
1991,MOLOKA'I,Nov,6463.88
1991,MOLOKA'I,Dec,6785.69
1991,LĀNA'I,Jan,4520.33
1991,LĀNA'I,Feb,3849.45
1991,LĀNA'I,Mar,4469.40
1991,LĀNA'I,Apr,4726.23
1991,LĀNA'I,May,6085.08
1991,LĀNA'I,Jun,4957.18
1991,LĀNA'I,Jul,4588.71
1991,LĀNA'I,Aug,5358.28
1991,LĀNA'I,Sep,2816.43
1991,LĀNA'I,Oct,5217.47
1991,LĀNA'I,Nov,4968.00
1991,LĀNA'I,Dec,4164.62
1991,KAUA'I,Jan,91624.44
1991,KAUA'I,Feb,76135.16
1991,KAUA'I,Mar,95930.48
1991,KAUA'I,Apr,101985.85
1991,KAUA'I,May,103337.92
1991,KAUA'I,Jun,110432.96
1991,KAUA'I,Jul,114486.57
1991,KAUA'I,Aug,108884.33
1991,KAUA'I,Sep,94811.49
1991,KAUA'I,Oct,101559.93
1991,KAUA'I,Nov,91675.79
1991,KAUA'I,Dec,91461.42
1991,HAWAI'I ISLAND,Jan,99362.13
1991,HAWAI'I ISLAND,Feb,80572.83
1991,HAWAI'I ISLAND,Mar,96975.06
1991,HAWAI'I ISLAND,Apr,95849.20
1991,HAWAI'I ISLAND,May,92712.26
1991,HAWAI'I ISLAND,Jun,92051.56
1991,HAWAI'I ISLAND,Jul,115012.75
1991,HAWAI'I ISLAND,Aug,101415.09
1991,HAWAI'I ISLAND,Sep,73282.39
1991,HAWAI'I ISLAND,Oct,88412.31
1991,HAWAI'I ISLAND,Nov,86989.23
1991,HAWAI'I ISLAND,Dec,88400.15
1992,O'AHU,Jan,418399.68
1992,O'AHU,Feb,397548.16
1992,O'AHU,Mar,403331.54
1992,O'AHU,Apr,360550.04
1992,O'AHU,May,384765.04
1992,O'AHU,Jun,433178.82
1992,O'AHU,Jul,440045.66
1992,O'AHU,Aug,449905.66
1992,O'AHU,Sep,404887.52
1992,O'AHU,Oct,378724.81
1992,O'AHU,Nov,384863.54
1992,O'AHU,Dec,407959.07
1992,MAUI,Jan,165470.32
1992,MAUI,Feb,182650.66
1992,MAUI,Mar,188367.26
1992,MAUI,Apr,178726.30
1992,MAUI,May,178739.02
1992,MAUI,Jun,196158.12
1992,MAUI,Jul,200546.61
1992,MAUI,Aug,197346.15
1992,MAUI,Sep,170972.66
1992,MAUI,Oct,208985.69
1992,MAUI,Nov,201249.52
1992,MAUI,Dec,197807.75
1992,MOLOKA'I,Jan,10418.35
1992,MOLOKA'I,Feb,8306.77
1992,MOLOKA'I,Mar,9591.33
1992,MOLOKA'I,Apr,8759.69
1992,MOLOKA'I,May,8278.54
1992,MOLOKA'I,Jun,10097.55
1992,MOLOKA'I,Jul,10886.25
1992,MOLOKA'I,Aug,8877.51
1992,MOLOKA'I,Sep,9109.35
1992,MOLOKA'I,Oct,10078.02
1992,MOLOKA'I,Nov,11021.39
1992,MOLOKA'I,Dec,10258.81
1992,LĀNA'I,Jan,6861.46
1992,LĀNA'I,Feb,6116.86
1992,LĀNA'I,Mar,7309.40
1992,LĀNA'I,Apr,6311.95
1992,LĀNA'I,May,6031.50
1992,LĀNA'I,Jun,6284.90
1992,LĀNA'I,Jul,7061.94
1992,LĀNA'I,Aug,6592.20
1992,LĀNA'I,Sep,6494.70
1992,LĀNA'I,Oct,6635.66
1992,LĀNA'I,Nov,7457.76
1992,LĀNA'I,Dec,6083.72
1992,KAUA'I,Jan,87502.64
1992,KAUA'I,Feb,77022.96
1992,KAUA'I,Mar,91785.54
1992,KAUA'I,Apr,93797.28
1992,KAUA'I,May,98215.93
1992,KAUA'I,Jun,102138.63
1992,KAUA'I,Jul,110821.58
1992,KAUA'I,Aug,108263.69
1992,KAUA'I,Sep,49725.16
1992,KAUA'I,Oct,16187.14
1992,KAUA'I,Nov,21154.36
1992,KAUA'I,Dec,25115.42
1992,HAWAI'I ISLAND,Jan,94132.73
1992,HAWAI'I ISLAND,Feb,79322.53
1992,HAWAI'I ISLAND,Mar,89798.92
1992,HAWAI'I ISLAND,Apr,88855.12
1992,HAWAI'I ISLAND,May,86430.64
1992,HAWAI'I ISLAND,Jun,98135.10
1992,HAWAI'I ISLAND,Jul,98208.17
1992,HAWAI'I ISLAND,Aug,90332.64
1992,HAWAI'I ISLAND,Sep,85799.56
1992,HAWAI'I ISLAND,Oct,115369.38
1992,HAWAI'I ISLAND,Nov,108965.37
1992,HAWAI'I ISLAND,Dec,104628.16
1993,O'AHU,Jan,387528.45
1993,O'AHU,Feb,340022.39
1993,O'AHU,Mar,385435.90
1993,O'AHU,Apr,340057.71
1993,O'AHU,May,362777.30
1993,O'AHU,Jun,372663.27
1993,O'AHU,Jul,423477.14
1993,O'AHU,Aug,424620.04
1993,O'AHU,Sep,349246.70
1993,O'AHU,Oct,342879.76
1993,O'AHU,Nov,349498.63
1993,O'AHU,Dec,394027.40
1993,MAUI,Jan,186953.00
1993,MAUI,Feb,193383.58
1993,MAUI,Mar,204011.00
1993,MAUI,Apr,193076.49
1993,MAUI,May,171428.11
1993,MAUI,Jun,180418.18
1993,MAUI,Jul,190082.10
1993,MAUI,Aug,194777.45
1993,MAUI,Sep,169905.59
1993,MAUI,Oct,190954.84
1993,MAUI,Nov,171927.85
1993,MAUI,Dec,165211.06
1993,MOLOKA'I,Jan,12681.39
1993,MOLOKA'I,Feb,9414.75
1993,MOLOKA'I,Mar,8981.33
1993,MOLOKA'I,Apr,7508.89
1993,MOLOKA'I,May,6481.79
1993,MOLOKA'I,Jun,8414.98
1993,MOLOKA'I,Jul,7394.94
1993,MOLOKA'I,Aug,6322.85
1993,MOLOKA'I,Sep,7808.67
1993,MOLOKA'I,Oct,6641.56
1993,MOLOKA'I,Nov,6124.53
1993,MOLOKA'I,Dec,6403.71
1993,LĀNA'I,Jan,6947.09
1993,LĀNA'I,Feb,7129.41
1993,LĀNA'I,Mar,7232.12
1993,LĀNA'I,Apr,5983.76
1993,LĀNA'I,May,5663.75
1993,LĀNA'I,Jun,6715.22
1993,LĀNA'I,Jul,5307.92
1993,LĀNA'I,Aug,5351.36
1993,LĀNA'I,Sep,6646.19
1993,LĀNA'I,Oct,5945.09
1993,LĀNA'I,Nov,5194.45
1993,LĀNA'I,Dec,4929.55
1993,KAUA'I,Jan,32160.01
1993,KAUA'I,Feb,31398.60
1993,KAUA'I,Mar,43407.53
1993,KAUA'I,Apr,40840.56
1993,KAUA'I,May,39504.81
1993,KAUA'I,Jun,54815.21
1993,KAUA'I,Jul,55149.50
1993,KAUA'I,Aug,52074.26
1993,KAUA'I,Sep,53883.13
1993,KAUA'I,Oct,57540.52
1993,KAUA'I,Nov,58885.80
1993,KAUA'I,Dec,56705.76
1993,HAWAI'I ISLAND,Jan,111850.90
1993,HAWAI'I ISLAND,Feb,95260.13
1993,HAWAI'I ISLAND,Mar,102055.20
1993,HAWAI'I ISLAND,Apr,92161.04
1993,HAWAI'I ISLAND,May,85313.55
1993,HAWAI'I ISLAND,Jun,89757.08
1993,HAWAI'I ISLAND,Jul,96290.36
1993,HAWAI'I ISLAND,Aug,95297.36
1993,HAWAI'I ISLAND,Sep,88068.41
1993,HAWAI'I ISLAND,Oct,97456.70
1993,HAWAI'I ISLAND,Nov,84737.49
1993,HAWAI'I ISLAND,Dec,79407.67
1994,O'AHU,Jan,351456.83
1994,O'AHU,Feb,378670.95
1994,O'AHU,Mar,414477.36
1994,O'AHU,Apr,335845.65
1994,O'AHU,May,350341.57
1994,O'AHU,Jun,396776.55
1994,O'AHU,Jul,425867.78
1994,O'AHU,Aug,451915.50
1994,O'AHU,Sep,375036.13
1994,O'AHU,Oct,354362.51
1994,O'AHU,Nov,377394.16
1994,O'AHU,Dec,417591.11
1994,MAUI,Jan,183811.59
1994,MAUI,Feb,196375.76
1994,MAUI,Mar,207053.45
1994,MAUI,Apr,190257.76
1994,MAUI,May,176957.96
1994,MAUI,Jun,194499.57
1994,MAUI,Jul,206397.12
1994,MAUI,Aug,212362.06
1994,MAUI,Sep,165134.32
1994,MAUI,Oct,178631.62
1994,MAUI,Nov,190206.75
1994,MAUI,Dec,187121.08
1994,MOLOKA'I,Jan,8124.99
1994,MOLOKA'I,Feb,8120.36
1994,MOLOKA'I,Mar,7005.39
1994,MOLOKA'I,Apr,5793.61
1994,MOLOKA'I,May,5634.23
1994,MOLOKA'I,Jun,6414.07
1994,MOLOKA'I,Jul,6996.10
1994,MOLOKA'I,Aug,5436.41
1994,MOLOKA'I,Sep,5115.26
1994,MOLOKA'I,Oct,6211.14
1994,MOLOKA'I,Nov,6583.32
1994,MOLOKA'I,Dec,7699.84
1994,LĀNA'I,Jan,8036.83
1994,LĀNA'I,Feb,7107.27
1994,LĀNA'I,Mar,6801.13
1994,LĀNA'I,Apr,6562.73
1994,LĀNA'I,May,5749.02
1994,LĀNA'I,Jun,6260.92
1994,LĀNA'I,Jul,6881.25
1994,LĀNA'I,Aug,5958.09
1994,LĀNA'I,Sep,4672.29
1994,LĀNA'I,Oct,6027.04
1994,LĀNA'I,Nov,7201.06
1994,LĀNA'I,Dec,6754.86
1994,KAUA'I,Jan,69400.73
1994,KAUA'I,Feb,72532.50
1994,KAUA'I,Mar,70268.73
1994,KAUA'I,Apr,69053.48
1994,KAUA'I,May,70867.36
1994,KAUA'I,Jun,74317.26
1994,KAUA'I,Jul,79483.93
1994,KAUA'I,Aug,74310.25
1994,KAUA'I,Sep,64891.53
1994,KAUA'I,Oct,71456.32
1994,KAUA'I,Nov,72384.58
1994,KAUA'I,Dec,71752.07
1994,HAWAI'I ISLAND,Jan,87072.19
1994,HAWAI'I ISLAND,Feb,99349.21
1994,HAWAI'I ISLAND,Mar,104902.34
1994,HAWAI'I ISLAND,Apr,89290.88
1994,HAWAI'I ISLAND,May,84658.03
1994,HAWAI'I ISLAND,Jun,91429.84
1994,HAWAI'I ISLAND,Jul,97626.09
1994,HAWAI'I ISLAND,Aug,86078.84
1994,HAWAI'I ISLAND,Sep,71164.88
1994,HAWAI'I ISLAND,Oct,93455.46
1994,HAWAI'I ISLAND,Nov,87331.97
1994,HAWAI'I ISLAND,Dec,87175.25
1995,O'AHU,Jan,387833.19
1995,O'AHU,Feb,356399.80
1995,O'AHU,Mar,402418.30
1995,O'AHU,Apr,339305.98
1995,O'AHU,May,375640.64
1995,O'AHU,Jun,419989.37
1995,O'AHU,Jul,463948.64
1995,O'AHU,Aug,475909.65
1995,O'AHU,Sep,398003.55
1995,O'AHU,Oct,381570.74
1995,O'AHU,Nov,385376.20
1995,O'AHU,Dec,431156.01
1995,MAUI,Jan,180431.63
1995,MAUI,Feb,174289.55
1995,MAUI,Mar,199271.17
1995,MAUI,Apr,184094.85
1995,MAUI,May,161862.45
1995,MAUI,Jun,194670.63
1995,MAUI,Jul,228239.52
1995,MAUI,Aug,223613.46
1995,MAUI,Sep,175430.50
1995,MAUI,Oct,181520.20
1995,MAUI,Nov,183386.93
1995,MAUI,Dec,181462.46
1995,MOLOKA'I,Jan,7475.09
1995,MOLOKA'I,Feb,8629.35
1995,MOLOKA'I,Mar,7217.70
1995,MOLOKA'I,Apr,6264.31
1995,MOLOKA'I,May,5711.64
1995,MOLOKA'I,Jun,5577.70
1995,MOLOKA'I,Jul,7477.23
1995,MOLOKA'I,Aug,6422.19
1995,MOLOKA'I,Sep,6252.92
1995,MOLOKA'I,Oct,7261.45
1995,MOLOKA'I,Nov,7003.94
1995,MOLOKA'I,Dec,7815.59
1995,LĀNA'I,Jan,8191.32
1995,LĀNA'I,Feb,8851.46
1995,LĀNA'I,Mar,7662.65
1995,LĀNA'I,Apr,7488.57
1995,LĀNA'I,May,5926.84
1995,LĀNA'I,Jun,7484.71
1995,LĀNA'I,Jul,8197.21
1995,LĀNA'I,Aug,8087.09
1995,LĀNA'I,Sep,6674.68
1995,LĀNA'I,Oct,8165.06
1995,LĀNA'I,Nov,7664.19
1995,LĀNA'I,Dec,7958.89
1995,KAUA'I,Jan,67185.56
1995,KAUA'I,Feb,69941.18
1995,KAUA'I,Mar,77549.57
1995,KAUA'I,Apr,65976.13
1995,KAUA'I,May,68525.61
1995,KAUA'I,Jun,82167.18
1995,KAUA'I,Jul,87866.47
1995,KAUA'I,Aug,88350.82
1995,KAUA'I,Sep,75891.98
1995,KAUA'I,Oct,85155.66
1995,KAUA'I,Nov,82884.65
1995,KAUA'I,Dec,77655.28
1995,HAWAI'I ISLAND,Jan,92042.81
1995,HAWAI'I ISLAND,Feb,91680.30
1995,HAWAI'I ISLAND,Mar,99565.29
1995,HAWAI'I ISLAND,Apr,81301.27
1995,HAWAI'I ISLAND,May,81931.23
1995,HAWAI'I ISLAND,Jun,94860.55
1995,HAWAI'I ISLAND,Jul,114977.23
1995,HAWAI'I ISLAND,Aug,89417.46
1995,HAWAI'I ISLAND,Sep,69947.90
1995,HAWAI'I ISLAND,Oct,93076.73
1995,HAWAI'I ISLAND,Nov,82860.87
1995,HAWAI'I ISLAND,Dec,89385.50
1996,O'AHU,Jan,412036.89
1996,O'AHU,Feb,424968.31
1996,O'AHU,Mar,417381.05
1996,O'AHU,Apr,365509.76
1996,O'AHU,May,387715.31
1996,O'AHU,Jun,429883.93
1996,O'AHU,Jul,447746.31
1996,O'AHU,Aug,455185.07
1996,O'AHU,Sep,391892.75
1996,O'AHU,Oct,382327.51
1996,O'AHU,Nov,372607.93
1996,O'AHU,Dec,416628.98
1996,MAUI,Jan,185330.71
1996,MAUI,Feb,202538.60
1996,MAUI,Mar,197882.77
1996,MAUI,Apr,180106.26
1996,MAUI,May,175470.12
1996,MAUI,Jun,189274.24
1996,MAUI,Jul,232662.05
1996,MAUI,Aug,211022.05
1996,MAUI,Sep,167483.54
1996,MAUI,Oct,167528.63
1996,MAUI,Nov,175177.14
1996,MAUI,Dec,175978.10
1996,MOLOKA'I,Jan,8874.00
1996,MOLOKA'I,Feb,7329.31
1996,MOLOKA'I,Mar,6744.63
1996,MOLOKA'I,Apr,5387.86
1996,MOLOKA'I,May,6416.85
1996,MOLOKA'I,Jun,6271.47
1996,MOLOKA'I,Jul,6351.85
1996,MOLOKA'I,Aug,5664.23
1996,MOLOKA'I,Sep,4913.81
1996,MOLOKA'I,Oct,6109.21
1996,MOLOKA'I,Nov,5558.04
1996,MOLOKA'I,Dec,7848.53
1996,LĀNA'I,Jan,9052.53
1996,LĀNA'I,Feb,9184.74
1996,LĀNA'I,Mar,7878.91
1996,LĀNA'I,Apr,7759.92
1996,LĀNA'I,May,7486.15
1996,LĀNA'I,Jun,8342.96
1996,LĀNA'I,Jul,6524.10
1996,LĀNA'I,Aug,8287.97
1996,LĀNA'I,Sep,6465.67
1996,LĀNA'I,Oct,8823.03
1996,LĀNA'I,Nov,6983.90
1996,LĀNA'I,Dec,7501.89
1996,KAUA'I,Jan,75984.79
1996,KAUA'I,Feb,73686.03
1996,KAUA'I,Mar,78704.94
1996,KAUA'I,Apr,75393.14
1996,KAUA'I,May,82837.73
1996,KAUA'I,Jun,87229.40
1996,KAUA'I,Jul,93231.12
1996,KAUA'I,Aug,87533.11
1996,KAUA'I,Sep,72230.26
1996,KAUA'I,Oct,101072.99
1996,KAUA'I,Nov,75716.82
1996,KAUA'I,Dec,71816.00
1996,HAWAI'I ISLAND,Jan,86234.99
1996,HAWAI'I ISLAND,Feb,92136.99
1996,HAWAI'I ISLAND,Mar,92972.42
1996,HAWAI'I ISLAND,Apr,76406.74
1996,HAWAI'I ISLAND,May,92845.12
1996,HAWAI'I ISLAND,Jun,115098.88
1996,HAWAI'I ISLAND,Jul,111869.76
1996,HAWAI'I ISLAND,Aug,111898.80
1996,HAWAI'I ISLAND,Sep,86244.89
1996,HAWAI'I ISLAND,Oct,99136.45
1996,HAWAI'I ISLAND,Nov,95846.58
1996,HAWAI'I ISLAND,Dec,103008.18
1997,O'AHU,Jan,381346.69
1997,O'AHU,Feb,401145.75
1997,O'AHU,Mar,433629.04
1997,O'AHU,Apr,373225.13
1997,O'AHU,May,380859.10
1997,O'AHU,Jun,414092.95
1997,O'AHU,Jul,456421.68
1997,O'AHU,Aug,450403.34
1997,O'AHU,Sep,405095.06
1997,O'AHU,Oct,386991.28
1997,O'AHU,Nov,376457.36
1997,O'AHU,Dec,415944.12
1997,MAUI,Jan,178782.86
1997,MAUI,Feb,185001.53
1997,MAUI,Mar,213427.00
1997,MAUI,Apr,189073.95
1997,MAUI,May,165752.85
1997,MAUI,Jun,192694.39
1997,MAUI,Jul,222216.43
1997,MAUI,Aug,207554.91
1997,MAUI,Sep,163000.79
1997,MAUI,Oct,189133.98
1997,MAUI,Nov,176785.26
1997,MAUI,Dec,177496.72
1997,MOLOKA'I,Jan,8085.55
1997,MOLOKA'I,Feb,7424.27
1997,MOLOKA'I,Mar,7615.72
1997,MOLOKA'I,Apr,7270.87
1997,MOLOKA'I,May,9162.96
1997,MOLOKA'I,Jun,6178.94
1997,MOLOKA'I,Jul,6228.37
1997,MOLOKA'I,Aug,4721.70
1997,MOLOKA'I,Sep,5706.26
1997,MOLOKA'I,Oct,5661.97
1997,MOLOKA'I,Nov,6183.21
1997,MOLOKA'I,Dec,5681.76
1997,LĀNA'I,Jan,9551.49
1997,LĀNA'I,Feb,10322.01
1997,LĀNA'I,Mar,10891.47
1997,LĀNA'I,Apr,11657.24
1997,LĀNA'I,May,9278.14
1997,LĀNA'I,Jun,8668.87
1997,LĀNA'I,Jul,8892.97
1997,LĀNA'I,Aug,6795.15
1997,LĀNA'I,Sep,6684.59
1997,LĀNA'I,Oct,9224.98
1997,LĀNA'I,Nov,6479.14
1997,LĀNA'I,Dec,7589.77
1997,KAUA'I,Jan,73168.05
1997,KAUA'I,Feb,74549.83
1997,KAUA'I,Mar,86564.74
1997,KAUA'I,Apr,97084.48
1997,KAUA'I,May,80464.64
1997,KAUA'I,Jun,88850.97
1997,KAUA'I,Jul,89629.97
1997,KAUA'I,Aug,89072.43
1997,KAUA'I,Sep,77153.54
1997,KAUA'I,Oct,82393.81
1997,KAUA'I,Nov,76687.67
1997,KAUA'I,Dec,81466.59
1997,HAWAI'I ISLAND,Jan,102236.83
1997,HAWAI'I ISLAND,Feb,110519.17
1997,HAWAI'I ISLAND,Mar,115807.40
1997,HAWAI'I ISLAND,Apr,97991.15
1997,HAWAI'I ISLAND,May,88276.96
1997,HAWAI'I ISLAND,Jun,92350.10
1997,HAWAI'I ISLAND,Jul,112017.23
1997,HAWAI'I ISLAND,Aug,120100.36
1997,HAWAI'I ISLAND,Sep,73554.02
1997,HAWAI'I ISLAND,Oct,97671.11
1997,HAWAI'I ISLAND,Nov,92452.50
1997,HAWAI'I ISLAND,Dec,102104.15
1998,O'AHU,Jan,388518.58
1998,O'AHU,Feb,382939.63
1998,O'AHU,Mar,392837.98
1998,O'AHU,Apr,361311.17
1998,O'AHU,May,356711.95
1998,O'AHU,Jun,388100.28
1998,O'AHU,Jul,439223.36
1998,O'AHU,Aug,418598.87
1998,O'AHU,Sep,371064.07
1998,O'AHU,Oct,351449.44
1998,O'AHU,Nov,355801.30
1998,O'AHU,Dec,395277.25
1998,MAUI,Jan,176903.74
1998,MAUI,Feb,187939.51
1998,MAUI,Mar,204206.24
1998,MAUI,Apr,200098.08
1998,MAUI,May,180249.66
1998,MAUI,Jun,191719.16
1998,MAUI,Jul,204188.20
1998,MAUI,Aug,200915.89
1998,MAUI,Sep,161407.58
1998,MAUI,Oct,182391.77
1998,MAUI,Nov,170065.31
1998,MAUI,Dec,183826.88
1998,MOLOKA'I,Jan,7085.64
1998,MOLOKA'I,Feb,7996.95
1998,MOLOKA'I,Mar,7061.16
1998,MOLOKA'I,Apr,5744.28
1998,MOLOKA'I,May,6808.59
1998,MOLOKA'I,Jun,5356.37
1998,MOLOKA'I,Jul,5740.66
1998,MOLOKA'I,Aug,5031.01
1998,MOLOKA'I,Sep,4735.29
1998,MOLOKA'I,Oct,6197.18
1998,MOLOKA'I,Nov,6323.71
1998,MOLOKA'I,Dec,7164.10
1998,LĀNA'I,Jan,8260.67
1998,LĀNA'I,Feb,9572.51
1998,LĀNA'I,Mar,10233.65
1998,LĀNA'I,Apr,7773.95
1998,LĀNA'I,May,7893.72
1998,LĀNA'I,Jun,5847.68
1998,LĀNA'I,Jul,7541.94
1998,LĀNA'I,Aug,7005.75
1998,LĀNA'I,Sep,7284.82
1998,LĀNA'I,Oct,8745.82
1998,LĀNA'I,Nov,8219.87
1998,LĀNA'I,Dec,9053.33
1998,KAUA'I,Jan,74767.86
1998,KAUA'I,Feb,82890.08
1998,KAUA'I,Mar,91661.42
1998,KAUA'I,Apr,90300.76
1998,KAUA'I,May,92272.44
1998,KAUA'I,Jun,97335.10
1998,KAUA'I,Jul,102066.02
1998,KAUA'I,Aug,95100.71
1998,KAUA'I,Sep,86650.55
1998,KAUA'I,Oct,95458.39
1998,KAUA'I,Nov,83517.43
1998,KAUA'I,Dec,86378.82
1998,HAWAI'I ISLAND,Jan,112386.62
1998,HAWAI'I ISLAND,Feb,125136.21
1998,HAWAI'I ISLAND,Mar,119166.16
1998,HAWAI'I ISLAND,Apr,104532.11
1998,HAWAI'I ISLAND,May,106871.84
1998,HAWAI'I ISLAND,Jun,107043.36
1998,HAWAI'I ISLAND,Jul,118565.99
1998,HAWAI'I ISLAND,Aug,117961.89
1998,HAWAI'I ISLAND,Sep,100660.75
1998,HAWAI'I ISLAND,Oct,108503.82
1998,HAWAI'I ISLAND,Nov,104021.53
1998,HAWAI'I ISLAND,Dec,115917.22
1999,O'AHU,Jan,355080.39
1999,O'AHU,Feb,376176.43
1999,O'AHU,Mar,392906.08
1999,O'AHU,Apr,345482.26
1999,O'AHU,May,342431.82
1999,O'AHU,Jun,392014.38
1999,O'AHU,Jul,438001.10
1999,O'AHU,Aug,427390.22
1999,O'AHU,Sep,381744.91
1999,O'AHU,Oct,377566.99
1999,O'AHU,Nov,365543.86
1999,O'AHU,Dec,365803.17
1999,MAUI,Jan,179873.40
1999,MAUI,Feb,195615.35
1999,MAUI,Mar,211352.52
1999,MAUI,Apr,187862.61
1999,MAUI,May,177249.04
1999,MAUI,Jun,198092.97
1999,MAUI,Jul,220481.39
1999,MAUI,Aug,211973.35
1999,MAUI,Sep,162943.81
1999,MAUI,Oct,197444.80
1999,MAUI,Nov,174380.08
1999,MAUI,Dec,161664.12
1999,MOLOKA'I,Jan,6183.83
1999,MOLOKA'I,Feb,6625.51
1999,MOLOKA'I,Mar,5579.44
1999,MOLOKA'I,Apr,5515.22
1999,MOLOKA'I,May,4939.54
1999,MOLOKA'I,Jun,6243.59
1999,MOLOKA'I,Jul,5167.04
1999,MOLOKA'I,Aug,5459.84
1999,MOLOKA'I,Sep,4961.95
1999,MOLOKA'I,Oct,7855.63
1999,MOLOKA'I,Nov,5169.54
1999,MOLOKA'I,Dec,5955.62
1999,LĀNA'I,Jan,7275.45
1999,LĀNA'I,Feb,11387.73
1999,LĀNA'I,Mar,8375.24
1999,LĀNA'I,Apr,8563.44
1999,LĀNA'I,May,6430.09
1999,LĀNA'I,Jun,7356.42
1999,LĀNA'I,Jul,8484.76
1999,LĀNA'I,Aug,6340.22
1999,LĀNA'I,Sep,6402.42
1999,LĀNA'I,Oct,10431.86
1999,LĀNA'I,Nov,6880.52
1999,LĀNA'I,Dec,6617.82
1999,KAUA'I,Jan,79862.15
1999,KAUA'I,Feb,87418.17
1999,KAUA'I,Mar,93051.89
1999,KAUA'I,Apr,88834.28
1999,KAUA'I,May,87641.56
1999,KAUA'I,Jun,91201.55
1999,KAUA'I,Jul,105538.42
1999,KAUA'I,Aug,100203.49
1999,KAUA'I,Sep,85030.60
1999,KAUA'I,Oct,107184.62
1999,KAUA'I,Nov,86075.30
1999,KAUA'I,Dec,77246.58
1999,HAWAI'I ISLAND,Jan,107398.27
1999,HAWAI'I ISLAND,Feb,109680.28
1999,HAWAI'I ISLAND,Mar,120691.46
1999,HAWAI'I ISLAND,Apr,104983.34
1999,HAWAI'I ISLAND,May,99275.23
1999,HAWAI'I ISLAND,Jun,107753.65
1999,HAWAI'I ISLAND,Jul,123917.87
1999,HAWAI'I ISLAND,Aug,109661.69
1999,HAWAI'I ISLAND,Sep,94778.24
1999,HAWAI'I ISLAND,Oct,123641.18
1999,HAWAI'I ISLAND,Nov,102176.15
1999,HAWAI'I ISLAND,Dec,103762.43
2000,O'AHU,Jan,353768.28
2000,O'AHU,Feb,391413.19
2000,O'AHU,Mar,414299.60
2000,O'AHU,Apr,374591.41
2000,O'AHU,May,374502.16
2000,O'AHU,Jun,426490.70
2000,O'AHU,Jul,444112.06
2000,O'AHU,Aug,429434.32
2000,O'AHU,Sep,371554.95
2000,O'AHU,Oct,377307.14
2000,O'AHU,Nov,361412.55
2000,O'AHU,Dec,400357.34
2000,MAUI,Jan,157557.07
2000,MAUI,Feb,191187.88
2000,MAUI,Mar,207606.00
2000,MAUI,Apr,193048.63
2000,MAUI,May,181380.01
2000,MAUI,Jun,205354.58
2000,MAUI,Jul,209572.60
2000,MAUI,Aug,202531.63
2000,MAUI,Sep,170679.34
2000,MAUI,Oct,182715.94
2000,MAUI,Nov,169616.25
2000,MAUI,Dec,175002.70
2000,MOLOKA'I,Jan,4893.98
2000,MOLOKA'I,Feb,5734.77
2000,MOLOKA'I,Mar,5806.08
2000,MOLOKA'I,Apr,4860.93
2000,MOLOKA'I,May,4281.75
2000,MOLOKA'I,Jun,5434.42
2000,MOLOKA'I,Jul,5440.98
2000,MOLOKA'I,Aug,4829.01
2000,MOLOKA'I,Sep,4901.99
2000,MOLOKA'I,Oct,5631.63
2000,MOLOKA'I,Nov,4782.01
2000,MOLOKA'I,Dec,7961.21
2000,LĀNA'I,Jan,5708.87
2000,LĀNA'I,Feb,7917.73
2000,LĀNA'I,Mar,7973.70
2000,LĀNA'I,Apr,7273.35
2000,LĀNA'I,May,6692.90
2000,LĀNA'I,Jun,6619.93
2000,LĀNA'I,Jul,7677.52
2000,LĀNA'I,Aug,6500.53
2000,LĀNA'I,Sep,7380.06
2000,LĀNA'I,Oct,8787.54
2000,LĀNA'I,Nov,6246.44
2000,LĀNA'I,Dec,8884.03
2000,KAUA'I,Jan,75188.21
2000,KAUA'I,Feb,85256.12
2000,KAUA'I,Mar,93611.91
2000,KAUA'I,Apr,89957.55
2000,KAUA'I,May,91159.13
2000,KAUA'I,Jun,99137.85
2000,KAUA'I,Jul,105481.17
2000,KAUA'I,Aug,97226.82
2000,KAUA'I,Sep,86041.79
2000,KAUA'I,Oct,95713.92
2000,KAUA'I,Nov,71415.06
2000,KAUA'I,Dec,84631.91
2000,HAWAI'I ISLAND,Jan,99558.49
2000,HAWAI'I ISLAND,Feb,108506.44
2000,HAWAI'I ISLAND,Mar,114242.91
2000,HAWAI'I ISLAND,Apr,106865.26
2000,HAWAI'I ISLAND,May,105090.62
2000,HAWAI'I ISLAND,Jun,110299.41
2000,HAWAI'I ISLAND,Jul,122845.21
2000,HAWAI'I ISLAND,Aug,111675.23
2000,HAWAI'I ISLAND,Sep,91533.75
2000,HAWAI'I ISLAND,Oct,103278.03
2000,HAWAI'I ISLAND,Nov,90332.88
2000,HAWAI'I ISLAND,Dec,103736.28
2001,O'AHU,Jan,381725.83
2001,O'AHU,Feb,375680.39
2001,O'AHU,Mar,407230.28
2001,O'AHU,Apr,360598.46
2001,O'AHU,May,360930.04
2001,O'AHU,Jun,408606.61
2001,O'AHU,Jul,438972.32
2001,O'AHU,Aug,441562.48
2001,O'AHU,Sep,246722.56
2001,O'AHU,Oct,262078.32
2001,O'AHU,Nov,245643.73
2001,O'AHU,Dec,327784.54
2001,MAUI,Jan,177131.82
2001,MAUI,Feb,177161.15
2001,MAUI,Mar,199673.85
2001,MAUI,Apr,189256.07
2001,MAUI,May,166608.12
2001,MAUI,Jun,198454.60
2001,MAUI,Jul,211563.47
2001,MAUI,Aug,204062.25
2001,MAUI,Sep,111917.39
2001,MAUI,Oct,128860.59
2001,MAUI,Nov,138402.26
2001,MAUI,Dec,145675.20
2001,MOLOKA'I,Jan,7665.02
2001,MOLOKA'I,Feb,6630.10
2001,MOLOKA'I,Mar,7149.13
2001,MOLOKA'I,Apr,5095.85
2001,MOLOKA'I,May,5079.55
2001,MOLOKA'I,Jun,4880.73
2001,MOLOKA'I,Jul,9679.41
2001,MOLOKA'I,Aug,5739.93
2001,MOLOKA'I,Sep,3336.83
2001,MOLOKA'I,Oct,5117.89
2001,MOLOKA'I,Nov,4543.46
2001,MOLOKA'I,Dec,5314.68
2001,LĀNA'I,Jan,8309.11
2001,LĀNA'I,Feb,7712.84
2001,LĀNA'I,Mar,8662.25
2001,LĀNA'I,Apr,6805.46
2001,LĀNA'I,May,6820.65
2001,LĀNA'I,Jun,6900.30
2001,LĀNA'I,Jul,7412.42
2001,LĀNA'I,Aug,6875.01
2001,LĀNA'I,Sep,4372.95
2001,LĀNA'I,Oct,7085.82
2001,LĀNA'I,Nov,6345.49
2001,LĀNA'I,Dec,7604.33
2001,KAUA'I,Jan,76883.52
2001,KAUA'I,Feb,86029.87
2001,KAUA'I,Mar,90565.46
2001,KAUA'I,Apr,80670.86
2001,KAUA'I,May,85806.00
2001,KAUA'I,Jun,103850.04
2001,KAUA'I,Jul,107647.73
2001,KAUA'I,Aug,99627.23
2001,KAUA'I,Sep,63443.75
2001,KAUA'I,Oct,75266.05
2001,KAUA'I,Nov,66892.96
2001,KAUA'I,Dec,72014.32
2001,HAWAI'I ISLAND,Jan,103866.94
2001,HAWAI'I ISLAND,Feb,103873.06
2001,HAWAI'I ISLAND,Mar,113224.43
2001,HAWAI'I ISLAND,Apr,97206.29
2001,HAWAI'I ISLAND,May,94936.02
2001,HAWAI'I ISLAND,Jun,112278.46
2001,HAWAI'I ISLAND,Jul,123326.11
2001,HAWAI'I ISLAND,Aug,117952.48
2001,HAWAI'I ISLAND,Sep,64183.85
2001,HAWAI'I ISLAND,Oct,80581.37
2001,HAWAI'I ISLAND,Nov,77570.41
2001,HAWAI'I ISLAND,Dec,92551.26
2002,O'AHU,Jan,303429.13
2002,O'AHU,Feb,332767.23
2002,O'AHU,Mar,378613.65
2002,O'AHU,Apr,316367.69
2002,O'AHU,May,352080.35
2002,O'AHU,Jun,397609.30
2002,O'AHU,Jul,403059.56
2002,O'AHU,Aug,403481.79
2002,O'AHU,Sep,318220.22
2002,O'AHU,Oct,345075.38
2002,O'AHU,Nov,331956.56
2002,O'AHU,Dec,393416.06
2002,MAUI,Jan,147587.81
2002,MAUI,Feb,166907.17
2002,MAUI,Mar,186446.45
2002,MAUI,Apr,151595.43
2002,MAUI,May,162739.13
2002,MAUI,Jun,196022.89
2002,MAUI,Jul,212840.47
2002,MAUI,Aug,202706.49
2002,MAUI,Sep,148159.22
2002,MAUI,Oct,165148.54
2002,MAUI,Nov,160580.65
2002,MAUI,Dec,172317.23
2002,MOLOKA'I,Jan,4357.75
2002,MOLOKA'I,Feb,5236.86
2002,MOLOKA'I,Mar,7605.18
2002,MOLOKA'I,Apr,3870.68
2002,MOLOKA'I,May,4391.27
2002,MOLOKA'I,Jun,6017.27
2002,MOLOKA'I,Jul,8304.78
2002,MOLOKA'I,Aug,8941.91
2002,MOLOKA'I,Sep,5609.54
2002,MOLOKA'I,Oct,6976.61
2002,MOLOKA'I,Nov,6204.67
2002,MOLOKA'I,Dec,7617.83
2002,LĀNA'I,Jan,5643.62
2002,LĀNA'I,Feb,6002.28
2002,LĀNA'I,Mar,6764.57
2002,LĀNA'I,Apr,6604.69
2002,LĀNA'I,May,6594.90
2002,LĀNA'I,Jun,6933.55
2002,LĀNA'I,Jul,7239.97
2002,LĀNA'I,Aug,10483.72
2002,LĀNA'I,Sep,5391.70
2002,LĀNA'I,Oct,6884.50
2002,LĀNA'I,Nov,6045.96
2002,LĀNA'I,Dec,6284.75
2002,KAUA'I,Jan,69895.66
2002,KAUA'I,Feb,77845.89
2002,KAUA'I,Mar,86338.27
2002,KAUA'I,Apr,75726.81
2002,KAUA'I,May,84723.38
2002,KAUA'I,Jun,93099.62
2002,KAUA'I,Jul,97973.74
2002,KAUA'I,Aug,96463.50
2002,KAUA'I,Sep,76460.50
2002,KAUA'I,Oct,87414.23
2002,KAUA'I,Nov,78656.66
2002,KAUA'I,Dec,81299.01
2002,HAWAI'I ISLAND,Jan,95783.91
2002,HAWAI'I ISLAND,Feb,103682.32
2002,HAWAI'I ISLAND,Mar,112417.47
2002,HAWAI'I ISLAND,Apr,94404.32
2002,HAWAI'I ISLAND,May,89003.30
2002,HAWAI'I ISLAND,Jun,111913.13
2002,HAWAI'I ISLAND,Jul,115182.57
2002,HAWAI'I ISLAND,Aug,117115.82
2002,HAWAI'I ISLAND,Sep,85904.99
2002,HAWAI'I ISLAND,Oct,110671.87
2002,HAWAI'I ISLAND,Nov,96884.90
2002,HAWAI'I ISLAND,Dec,110348.94
2003,O'AHU,Jan,344520.94
2003,O'AHU,Feb,325162.44
2003,O'AHU,Mar,337651.54
2003,O'AHU,Apr,283564.40
2003,O'AHU,May,294126.97
2003,O'AHU,Jun,344997.74
2003,O'AHU,Jul,389351.67
2003,O'AHU,Aug,396663.37
2003,O'AHU,Sep,318724.88
2003,O'AHU,Oct,337098.01
2003,O'AHU,Nov,324621.32
2003,O'AHU,Dec,393999.42
2003,MAUI,Jan,169293.48
2003,MAUI,Feb,170631.50
2003,MAUI,Mar,180558.75
2003,MAUI,Apr,179295.30
2003,MAUI,May,170262.36
2003,MAUI,Jun,193225.32
2003,MAUI,Jul,215353.24
2003,MAUI,Aug,205879.03
2003,MAUI,Sep,144140.87
2003,MAUI,Oct,164117.13
2003,MAUI,Nov,155592.44
2003,MAUI,Dec,177071.85
2003,MOLOKA'I,Jan,7957.88
2003,MOLOKA'I,Feb,7507.15
2003,MOLOKA'I,Mar,14308.88
2003,MOLOKA'I,Apr,6003.02
2003,MOLOKA'I,May,7341.11
2003,MOLOKA'I,Jun,7543.63
2003,MOLOKA'I,Jul,8750.56
2003,MOLOKA'I,Aug,8310.24
2003,MOLOKA'I,Sep,5642.23
2003,MOLOKA'I,Oct,6669.77
2003,MOLOKA'I,Nov,6183.28
2003,MOLOKA'I,Dec,7888.55
2003,LĀNA'I,Jan,8481.76
2003,LĀNA'I,Feb,7537.31
2003,LĀNA'I,Mar,14825.89
2003,LĀNA'I,Apr,7933.25
2003,LĀNA'I,May,6487.12
2003,LĀNA'I,Jun,8090.73
2003,LĀNA'I,Jul,6798.15
2003,LĀNA'I,Aug,7333.56
2003,LĀNA'I,Sep,5556.16
2003,LĀNA'I,Oct,6068.50
2003,LĀNA'I,Nov,5154.01
2003,LĀNA'I,Dec,7178.71
2003,KAUA'I,Jan,75128.36
2003,KAUA'I,Feb,75543.44
2003,KAUA'I,Mar,81064.82
2003,KAUA'I,Apr,76594.54
2003,KAUA'I,May,80759.37
2003,KAUA'I,Jun,89837.52
2003,KAUA'I,Jul,97409.75
2003,KAUA'I,Aug,95974.79
2003,KAUA'I,Sep,72338.68
2003,KAUA'I,Oct,81975.51
2003,KAUA'I,Nov,74040.99
2003,KAUA'I,Dec,75199.20
2003,HAWAI'I ISLAND,Jan,104029.26
2003,HAWAI'I ISLAND,Feb,100471.88
2003,HAWAI'I ISLAND,Mar,108462.37
2003,HAWAI'I ISLAND,Apr,95157.63
2003,HAWAI'I ISLAND,May,88946.15
2003,HAWAI'I ISLAND,Jun,100560.19
2003,HAWAI'I ISLAND,Jul,117885.60
2003,HAWAI'I ISLAND,Aug,115231.28
2003,HAWAI'I ISLAND,Sep,82676.52
2003,HAWAI'I ISLAND,Oct,98543.00
2003,HAWAI'I ISLAND,Nov,89752.12
2003,HAWAI'I ISLAND,Dec,105447.91
2004,O'AHU,Jan,330186.71
2004,O'AHU,Feb,351049.24
2004,O'AHU,Mar,361168.06
2004,O'AHU,Apr,334641.68
2004,O'AHU,May,348326.92
2004,O'AHU,Jun,408533.00
2004,O'AHU,Jul,442160.53
2004,O'AHU,Aug,413102.81
2004,O'AHU,Sep,353996.22
2004,O'AHU,Oct,371698.71
2004,O'AHU,Nov,345745.68
2004,O'AHU,Dec,403941.91
2004,MAUI,Jan,167243.30
2004,MAUI,Feb,166427.48
2004,MAUI,Mar,190993.74
2004,MAUI,Apr,176085.50
2004,MAUI,May,174958.09
2004,MAUI,Jun,185542.35
2004,MAUI,Jul,226466.44
2004,MAUI,Aug,205455.38
2004,MAUI,Sep,153099.94
2004,MAUI,Oct,174238.00
2004,MAUI,Nov,157980.28
2004,MAUI,Dec,177070.06
2004,MOLOKA'I,Jan,6142.50
2004,MOLOKA'I,Feb,7535.83
2004,MOLOKA'I,Mar,7009.62
2004,MOLOKA'I,Apr,5136.62
2004,MOLOKA'I,May,5363.57
2004,MOLOKA'I,Jun,5553.63
2004,MOLOKA'I,Jul,6855.72
2004,MOLOKA'I,Aug,5808.54
2004,MOLOKA'I,Sep,4900.28
2004,MOLOKA'I,Oct,5903.97
2004,MOLOKA'I,Nov,5322.10
2004,MOLOKA'I,Dec,6566.44
2004,LĀNA'I,Jan,5737.92
2004,LĀNA'I,Feb,6652.32
2004,LĀNA'I,Mar,7093.17
2004,LĀNA'I,Apr,6086.65
2004,LĀNA'I,May,6119.21
2004,LĀNA'I,Jun,6113.75
2004,LĀNA'I,Jul,6618.70
2004,LĀNA'I,Aug,6091.12
2004,LĀNA'I,Sep,5120.65
2004,LĀNA'I,Oct,6098.98
2004,LĀNA'I,Nov,5357.98
2004,LĀNA'I,Dec,6297.95
2004,KAUA'I,Jan,77027.16
2004,KAUA'I,Feb,82139.13
2004,KAUA'I,Mar,83131.28
2004,KAUA'I,Apr,83140.86
2004,KAUA'I,May,82779.55
2004,KAUA'I,Jun,89190.69
2004,KAUA'I,Jul,107258.62
2004,KAUA'I,Aug,94801.56
2004,KAUA'I,Sep,78872.15
2004,KAUA'I,Oct,88135.81
2004,KAUA'I,Nov,72854.21
2004,KAUA'I,Dec,81590.28
2004,HAWAI'I ISLAND,Jan,98991.29
2004,HAWAI'I ISLAND,Feb,100902.97
2004,HAWAI'I ISLAND,Mar,109045.27
2004,HAWAI'I ISLAND,Apr,102335.30
2004,HAWAI'I ISLAND,May,93324.55
2004,HAWAI'I ISLAND,Jun,110229.89
2004,HAWAI'I ISLAND,Jul,126249.62
2004,HAWAI'I ISLAND,Aug,118235.61
2004,HAWAI'I ISLAND,Sep,90620.44
2004,HAWAI'I ISLAND,Oct,110843.25
2004,HAWAI'I ISLAND,Nov,101902.07
2004,HAWAI'I ISLAND,Dec,118476.24
2005,O'AHU,Jan,369426.04
2005,O'AHU,Feb,363257.45
2005,O'AHU,Mar,413349.51
2005,O'AHU,Apr,338906.65
2005,O'AHU,May,363071.27
2005,O'AHU,Jun,432179.54
2005,O'AHU,Jul,474094.54
2005,O'AHU,Aug,448990.82
2005,O'AHU,Sep,370166.75
2005,O'AHU,Oct,379506.78
2005,O'AHU,Nov,357899.06
2005,O'AHU,Dec,420994.47
2005,MAUI,Jan,174294.26
2005,MAUI,Feb,179351.41
2005,MAUI,Mar,213011.33
2005,MAUI,Apr,172293.34
2005,MAUI,May,176796.48
2005,MAUI,Jun,197892.27
2005,MAUI,Jul,235392.74
2005,MAUI,Aug,220073.66
2005,MAUI,Sep,167511.21
2005,MAUI,Oct,193666.40
2005,MAUI,Nov,175421.13
2005,MAUI,Dec,188993.05
2005,MOLOKA'I,Jan,6370.31
2005,MOLOKA'I,Feb,5754.19
2005,MOLOKA'I,Mar,6284.50
2005,MOLOKA'I,Apr,6245.90
2005,MOLOKA'I,May,6363.52
2005,MOLOKA'I,Jun,6331.02
2005,MOLOKA'I,Jul,6380.27
2005,MOLOKA'I,Aug,5706.03
2005,MOLOKA'I,Sep,4741.83
2005,MOLOKA'I,Oct,5889.17
2005,MOLOKA'I,Nov,5589.97
2005,MOLOKA'I,Dec,7849.56
2005,LĀNA'I,Jan,5704.88
2005,LĀNA'I,Feb,5969.73
2005,LĀNA'I,Mar,6484.58
2005,LĀNA'I,Apr,6098.94
2005,LĀNA'I,May,5736.50
2005,LĀNA'I,Jun,7009.98
2005,LĀNA'I,Jul,7319.17
2005,LĀNA'I,Aug,6232.34
2005,LĀNA'I,Sep,5172.68
2005,LĀNA'I,Oct,6013.94
2005,LĀNA'I,Nov,5638.64
2005,LĀNA'I,Dec,5910.74
2005,KAUA'I,Jan,80163.48
2005,KAUA'I,Feb,81677.84
2005,KAUA'I,Mar,90945.40
2005,KAUA'I,Apr,82238.45
2005,KAUA'I,May,83263.00
2005,KAUA'I,Jun,98102.45
2005,KAUA'I,Jul,110955.78
2005,KAUA'I,Aug,102233.57
2005,KAUA'I,Sep,89067.63
2005,KAUA'I,Oct,96470.50
2005,KAUA'I,Nov,81131.60
2005,KAUA'I,Dec,93897.71
2005,HAWAI'I ISLAND,Jan,125331.09
2005,HAWAI'I ISLAND,Feb,120556.43
2005,HAWAI'I ISLAND,Mar,133850.03
2005,HAWAI'I ISLAND,Apr,107250.67
2005,HAWAI'I ISLAND,May,113041.64
2005,HAWAI'I ISLAND,Jun,130085.45
2005,HAWAI'I ISLAND,Jul,154732.34
2005,HAWAI'I ISLAND,Aug,137817.62
2005,HAWAI'I ISLAND,Sep,110263.48
2005,HAWAI'I ISLAND,Oct,127467.68
2005,HAWAI'I ISLAND,Nov,118823.44
2005,HAWAI'I ISLAND,Dec,142317.01
2006,O'AHU,Jan,375190.76
2006,O'AHU,Feb,361303.52
2006,O'AHU,Mar,398385.16
2006,O'AHU,Apr,358536.86
2006,O'AHU,May,359084.37
2006,O'AHU,Jun,419853.19
2006,O'AHU,Jul,455733.58
2006,O'AHU,Aug,434782.96
2006,O'AHU,Sep,359345.20
2006,O'AHU,Oct,367584.01
2006,O'AHU,Nov,371446.61
2006,O'AHU,Dec,426870.78
2006,MAUI,Jan,193565.46
2006,MAUI,Feb,189720.24
2006,MAUI,Mar,207417.08
2006,MAUI,Apr,193021.40
2006,MAUI,May,181261.96
2006,MAUI,Jun,238961.59
2006,MAUI,Jul,245123.13
2006,MAUI,Aug,221774.88
2006,MAUI,Sep,180535.53
2006,MAUI,Oct,197376.66
2006,MAUI,Nov,182315.41
2006,MAUI,Dec,215516.83
2006,MOLOKA'I,Jan,8531.11
2006,MOLOKA'I,Feb,7285.27
2006,MOLOKA'I,Mar,5880.08
2006,MOLOKA'I,Apr,7057.69
2006,MOLOKA'I,May,5298.30
2006,MOLOKA'I,Jun,6555.90
2006,MOLOKA'I,Jul,7668.01
2006,MOLOKA'I,Aug,6241.52
2006,MOLOKA'I,Sep,5198.95
2006,MOLOKA'I,Oct,13003.91
2006,MOLOKA'I,Nov,5580.80
2006,MOLOKA'I,Dec,8033.93
2006,LĀNA'I,Jan,7022.51
2006,LĀNA'I,Feb,7315.77
2006,LĀNA'I,Mar,7127.79
2006,LĀNA'I,Apr,6322.58
2006,LĀNA'I,May,5425.34
2006,LĀNA'I,Jun,7652.37
2006,LĀNA'I,Jul,9107.90
2006,LĀNA'I,Aug,7840.39
2006,LĀNA'I,Sep,6174.45
2006,LĀNA'I,Oct,14243.60
2006,LĀNA'I,Nov,6606.57
2006,LĀNA'I,Dec,9429.58
2006,KAUA'I,Jan,92798.89
2006,KAUA'I,Feb,87326.43
2006,KAUA'I,Mar,97119.82
2006,KAUA'I,Apr,89586.17
2006,KAUA'I,May,83846.87
2006,KAUA'I,Jun,114494.65
2006,KAUA'I,Jul,124742.10
2006,KAUA'I,Aug,110954.18
2006,KAUA'I,Sep,95728.95
2006,KAUA'I,Oct,105799.97
2006,KAUA'I,Nov,93325.77
2006,KAUA'I,Dec,108408.33
2006,HAWAI'I ISLAND,Jan,134401.20
2006,HAWAI'I ISLAND,Feb,131388.46
2006,HAWAI'I ISLAND,Mar,132299.14
2006,HAWAI'I ISLAND,Apr,120011.93
2006,HAWAI'I ISLAND,May,107668.38
2006,HAWAI'I ISLAND,Jun,147401.50
2006,HAWAI'I ISLAND,Jul,162374.63
2006,HAWAI'I ISLAND,Aug,148176.45
2006,HAWAI'I ISLAND,Sep,125477.16
2006,HAWAI'I ISLAND,Oct,135472.02
2006,HAWAI'I ISLAND,Nov,122150.40
2006,HAWAI'I ISLAND,Dec,147586.74
2007,O'AHU,Jan,359735.52
2007,O'AHU,Feb,355168.83
2007,O'AHU,Mar,407398.45
2007,O'AHU,Apr,367399.70
2007,O'AHU,May,368863.90
2007,O'AHU,Jun,420352.37
2007,O'AHU,Jul,444428.07
2007,O'AHU,Aug,462592.09
2007,O'AHU,Sep,370882.79
2007,O'AHU,Oct,361004.37
2007,O'AHU,Nov,362248.07
2007,O'AHU,Dec,414675.72
2007,MAUI,Jan,189904.04
2007,MAUI,Feb,192169.54
2007,MAUI,Mar,222480.93
2007,MAUI,Apr,197468.36
2007,MAUI,May,193781.09
2007,MAUI,Jun,236891.11
2007,MAUI,Jul,242331.23
2007,MAUI,Aug,231948.46
2007,MAUI,Sep,182129.46
2007,MAUI,Oct,186149.87
2007,MAUI,Nov,179741.34
2007,MAUI,Dec,208598.86
2007,MOLOKA'I,Jan,6524.26
2007,MOLOKA'I,Feb,6281.87
2007,MOLOKA'I,Mar,7532.00
2007,MOLOKA'I,Apr,6077.32
2007,MOLOKA'I,May,5974.36
2007,MOLOKA'I,Jun,6524.68
2007,MOLOKA'I,Jul,7470.77
2007,MOLOKA'I,Aug,8275.52
2007,MOLOKA'I,Sep,6034.67
2007,MOLOKA'I,Oct,7292.03
2007,MOLOKA'I,Nov,6271.83
2007,MOLOKA'I,Dec,8904.26
2007,LĀNA'I,Jan,8542.40
2007,LĀNA'I,Feb,8038.03
2007,LĀNA'I,Mar,8435.68
2007,LĀNA'I,Apr,7969.60
2007,LĀNA'I,May,7231.65
2007,LĀNA'I,Jun,9595.33
2007,LĀNA'I,Jul,8298.28
2007,LĀNA'I,Aug,8684.16
2007,LĀNA'I,Sep,7057.32
2007,LĀNA'I,Oct,9103.43
2007,LĀNA'I,Nov,7806.67
2007,LĀNA'I,Dec,9587.53
2007,KAUA'I,Jan,98624.03
2007,KAUA'I,Feb,93491.13
2007,KAUA'I,Mar,112049.46
2007,KAUA'I,Apr,103346.50
2007,KAUA'I,May,106490.25
2007,KAUA'I,Jun,124637.41
2007,KAUA'I,Jul,129383.49
2007,KAUA'I,Aug,123184.94
2007,KAUA'I,Sep,99718.84
2007,KAUA'I,Oct,101321.69
2007,KAUA'I,Nov,93885.14
2007,KAUA'I,Dec,112912.06
2007,HAWAI'I ISLAND,Jan,134865.11
2007,HAWAI'I ISLAND,Feb,131441.53
2007,HAWAI'I ISLAND,Mar,153422.57
2007,HAWAI'I ISLAND,Apr,129772.31
2007,HAWAI'I ISLAND,May,118484.80
2007,HAWAI'I ISLAND,Jun,148340.65
2007,HAWAI'I ISLAND,Jul,154011.99
2007,HAWAI'I ISLAND,Aug,155515.08
2007,HAWAI'I ISLAND,Sep,115044.74
2007,HAWAI'I ISLAND,Oct,119994.68
2007,HAWAI'I ISLAND,Nov,116888.25
2007,HAWAI'I ISLAND,Dec,144577.02
2008,O'AHU,Jan,362746.00
2008,O'AHU,Feb,364374.00
2008,O'AHU,Mar,394135.00
2008,O'AHU,Apr,329043.00
2008,O'AHU,May,349619.00
2008,O'AHU,Jun,362440.00
2008,O'AHU,Jul,391587.00
2008,O'AHU,Aug,379127.00
2008,O'AHU,Sep,294147.00
2008,O'AHU,Oct,316134.00
2008,O'AHU,Nov,305206.00
2008,O'AHU,Dec,345129.00
2008,MAUI,Jan,189575.00
2008,MAUI,Feb,190756.00
2008,MAUI,Mar,211003.00
2008,MAUI,Apr,169929.00
2008,MAUI,May,167831.00
2008,MAUI,Jun,184407.00
2008,MAUI,Jul,188514.00
2008,MAUI,Aug,181179.00
2008,MAUI,Sep,132593.00
2008,MAUI,Oct,148861.00
2008,MAUI,Nov,143736.00
2008,MAUI,Dec,167417.00
2008,MOLOKA'I,Jan,7425.00
2008,MOLOKA'I,Feb,7503.00
2008,MOLOKA'I,Mar,6914.00
2008,MOLOKA'I,Apr,5427.00
2008,MOLOKA'I,May,6006.00
2008,MOLOKA'I,Jun,6042.00
2008,MOLOKA'I,Jul,5128.00
2008,MOLOKA'I,Aug,6542.00
2008,MOLOKA'I,Sep,4569.00
2008,MOLOKA'I,Oct,5141.00
2008,MOLOKA'I,Nov,3776.00
2008,MOLOKA'I,Dec,4409.00
2008,LĀNA'I,Jan,8262.00
2008,LĀNA'I,Feb,8513.00
2008,LĀNA'I,Mar,8379.00
2008,LĀNA'I,Apr,6280.00
2008,LĀNA'I,May,6976.00
2008,LĀNA'I,Jun,7217.00
2008,LĀNA'I,Jul,6011.00
2008,LĀNA'I,Aug,6319.00
2008,LĀNA'I,Sep,5537.00
2008,LĀNA'I,Oct,6313.00
2008,LĀNA'I,Nov,5170.00
2008,LĀNA'I,Dec,5891.00
2008,KAUA'I,Jan,94664.00
2008,KAUA'I,Feb,90236.00
2008,KAUA'I,Mar,98679.00
2008,KAUA'I,Apr,83227.00
2008,KAUA'I,May,87584.00
2008,KAUA'I,Jun,96018.00
2008,KAUA'I,Jul,100029.00
2008,KAUA'I,Aug,91451.00
2008,KAUA'I,Sep,70419.00
2008,KAUA'I,Oct,74985.00
2008,KAUA'I,Nov,67871.00
2008,KAUA'I,Dec,75485.00
2008,HAWAI'I ISLAND,Jan,137445.00
2008,HAWAI'I ISLAND,Feb,124385.00
2008,HAWAI'I ISLAND,Mar,133389.00
2008,HAWAI'I ISLAND,Apr,104211.00
2008,HAWAI'I ISLAND,May,100951.00
2008,HAWAI'I ISLAND,Jun,111764.00
2008,HAWAI'I ISLAND,Jul,115432.00
2008,HAWAI'I ISLAND,Aug,118467.00
2008,HAWAI'I ISLAND,Sep,78608.00
2008,HAWAI'I ISLAND,Oct,97220.00
2008,HAWAI'I ISLAND,Nov,93414.00
2008,HAWAI'I ISLAND,Dec,105988.00
2009,O'AHU,Jan,318134.25
2009,O'AHU,Feb,314424.83
2009,O'AHU,Mar,326149.14
2009,O'AHU,Apr,329652.36
2009,O'AHU,May,325687.77
2009,O'AHU,Jun,329898.65
2009,O'AHU,Jul,388762.80
2009,O'AHU,Aug,385429.14
2009,O'AHU,Sep,327705.25
2009,O'AHU,Oct,316157.79
2009,O'AHU,Nov,302191.34
2009,O'AHU,Dec,360695.01
2009,MAUI,Jan,155296.56
2009,MAUI,Feb,152294.09
2009,MAUI,Mar,158711.24
2009,MAUI,Apr,156414.92
2009,MAUI,May,145398.80
2009,MAUI,Jun,176357.67
2009,MAUI,Jul,189646.29
2009,MAUI,Aug,176690.42
2009,MAUI,Sep,134833.23
2009,MAUI,Oct,142786.09
2009,MAUI,Nov,138509.23
2009,MAUI,Dec,165457.85
2009,MOLOKA'I,Jan,4959.52
2009,MOLOKA'I,Feb,4213.35
2009,MOLOKA'I,Mar,4213.16
2009,MOLOKA'I,Apr,4089.19
2009,MOLOKA'I,May,3693.68
2009,MOLOKA'I,Jun,3584.00
2009,MOLOKA'I,Jul,4636.21
2009,MOLOKA'I,Aug,3630.09
2009,MOLOKA'I,Sep,3537.68
2009,MOLOKA'I,Oct,3679.45
2009,MOLOKA'I,Nov,3570.67
2009,MOLOKA'I,Dec,4531.67
2009,LĀNA'I,Jan,5303.61
2009,LĀNA'I,Feb,5053.07
2009,LĀNA'I,Mar,5498.02
2009,LĀNA'I,Apr,5148.46
2009,LĀNA'I,May,5023.76
2009,LĀNA'I,Jun,5413.43
2009,LĀNA'I,Jul,5485.89
2009,LĀNA'I,Aug,5071.77
2009,LĀNA'I,Sep,4718.83
2009,LĀNA'I,Oct,4301.05
2009,LĀNA'I,Nov,4296.23
2009,LĀNA'I,Dec,5739.90
2009,KAUA'I,Jan,70860.30
2009,KAUA'I,Feb,71532.00
2009,KAUA'I,Mar,73010.72
2009,KAUA'I,Apr,76053.55
2009,KAUA'I,May,81848.50
2009,KAUA'I,Jun,87719.11
2009,KAUA'I,Jul,95422.17
2009,KAUA'I,Aug,86317.12
2009,KAUA'I,Sep,71500.86
2009,KAUA'I,Oct,73191.80
2009,KAUA'I,Nov,62768.57
2009,KAUA'I,Dec,77887.43
2009,HAWAI'I ISLAND,Jan,101898.23
2009,HAWAI'I ISLAND,Feb,103047.92
2009,HAWAI'I ISLAND,Mar,106030.55
2009,HAWAI'I ISLAND,Apr,106778.68
2009,HAWAI'I ISLAND,May,90979.73
2009,HAWAI'I ISLAND,Jun,106731.89
2009,HAWAI'I ISLAND,Jul,118502.08
2009,HAWAI'I ISLAND,Aug,108078.55
2009,HAWAI'I ISLAND,Sep,84792.88
2009,HAWAI'I ISLAND,Oct,91767.98
2009,HAWAI'I ISLAND,Nov,87234.99
2009,HAWAI'I ISLAND,Dec,109412.63
2010,O'AHU,Jan,318332.37
2010,O'AHU,Feb,311715.34
2010,O'AHU,Mar,357944.51
2010,O'AHU,Apr,325933.86
2010,O'AHU,May,343218.22
2010,O'AHU,Jun,390284.27
2010,O'AHU,Jul,422471.29
2010,O'AHU,Aug,432162.03
2010,O'AHU,Sep,345324.04
2010,O'AHU,Oct,348921.69
2010,O'AHU,Nov,342866.95
2010,O'AHU,Dec,389674.63
2010,MAUI,Jan,158962.69
2010,MAUI,Feb,162636.40
2010,MAUI,Mar,181336.93
2010,MAUI,Apr,162651.12
2010,MAUI,May,161441.20
2010,MAUI,Jun,186681.52
2010,MAUI,Jul,210504.15
2010,MAUI,Aug,193681.72
2010,MAUI,Sep,152156.34
2010,MAUI,Oct,171275.20
2010,MAUI,Nov,165227.01
2010,MAUI,Dec,185514.72
2010,MOLOKA'I,Jan,4348.67
2010,MOLOKA'I,Feb,4239.26
2010,MOLOKA'I,Mar,4198.24
2010,MOLOKA'I,Apr,3558.41
2010,MOLOKA'I,May,3745.12
2010,MOLOKA'I,Jun,4109.53
2010,MOLOKA'I,Jul,4792.00
2010,MOLOKA'I,Aug,4099.53
2010,MOLOKA'I,Sep,4243.86
2010,MOLOKA'I,Oct,4416.55
2010,MOLOKA'I,Nov,3794.25
2010,MOLOKA'I,Dec,4707.37
2010,LĀNA'I,Jan,4926.06
2010,LĀNA'I,Feb,5742.22
2010,LĀNA'I,Mar,5729.07
2010,LĀNA'I,Apr,5476.29
2010,LĀNA'I,May,5873.43
2010,LĀNA'I,Jun,5824.26
2010,LĀNA'I,Jul,6232.97
2010,LĀNA'I,Aug,6235.12
2010,LĀNA'I,Sep,5663.74
2010,LĀNA'I,Oct,5340.10
2010,LĀNA'I,Nov,4918.25
2010,LĀNA'I,Dec,6922.41
2010,KAUA'I,Jan,71048.52
2010,KAUA'I,Feb,69780.81
2010,KAUA'I,Mar,79858.36
2010,KAUA'I,Apr,76508.47
2010,KAUA'I,May,77699.71
2010,KAUA'I,Jun,92569.27
2010,KAUA'I,Jul,100833.82
2010,KAUA'I,Aug,90773.80
2010,KAUA'I,Sep,73645.74
2010,KAUA'I,Oct,79332.26
2010,KAUA'I,Nov,71715.40
2010,KAUA'I,Dec,80957.67
2010,HAWAI'I ISLAND,Jan,105202.76
2010,HAWAI'I ISLAND,Feb,102227.43
2010,HAWAI'I ISLAND,Mar,107397.98
2010,HAWAI'I ISLAND,Apr,103510.91
2010,HAWAI'I ISLAND,May,95241.12
2010,HAWAI'I ISLAND,Jun,116074.87
2010,HAWAI'I ISLAND,Jul,127504.81
2010,HAWAI'I ISLAND,Aug,120957.15
2010,HAWAI'I ISLAND,Sep,92392.72
2010,HAWAI'I ISLAND,Oct,105329.05
2010,HAWAI'I ISLAND,Nov,100611.79
2010,HAWAI'I ISLAND,Dec,114408.50
2011,O'AHU,Jan,358571.50
2011,O'AHU,Feb,347490.18
2011,O'AHU,Mar,357242.18
2011,O'AHU,Apr,328133.82
2011,O'AHU,May,344955.21
2011,O'AHU,Jun,372619.75
2011,O'AHU,Jul,407450.21
2011,O'AHU,Aug,410956.30
2011,O'AHU,Sep,358582.50
2011,O'AHU,Oct,358394.45
2011,O'AHU,Nov,343277.88
2011,O'AHU,Dec,413949.93
2011,MAUI,Jan,174924.12
2011,MAUI,Feb,177431.47
2011,MAUI,Mar,202791.49
2011,MAUI,Apr,179270.06
2011,MAUI,May,162061.92
2011,MAUI,Jun,189730.67
2011,MAUI,Jul,208853.59
2011,MAUI,Aug,185352.04
2011,MAUI,Sep,157947.08
2011,MAUI,Oct,168043.15
2011,MAUI,Nov,166566.65
2011,MAUI,Dec,195515.09
2011,MOLOKA'I,Jan,4749.91
2011,MOLOKA'I,Feb,4488.91
2011,MOLOKA'I,Mar,7783.81
2011,MOLOKA'I,Apr,3962.31
2011,MOLOKA'I,May,3611.07
2011,MOLOKA'I,Jun,4533.04
2011,MOLOKA'I,Jul,4493.52
2011,MOLOKA'I,Aug,3837.47
2011,MOLOKA'I,Sep,3624.55
2011,MOLOKA'I,Oct,4311.13
2011,MOLOKA'I,Nov,3917.92
2011,MOLOKA'I,Dec,5936.06
2011,LĀNA'I,Jan,5782.94
2011,LĀNA'I,Feb,6104.11
2011,LĀNA'I,Mar,9666.58
2011,LĀNA'I,Apr,6382.36
2011,LĀNA'I,May,6036.53
2011,LĀNA'I,Jun,5736.43
2011,LĀNA'I,Jul,6523.15
2011,LĀNA'I,Aug,5680.09
2011,LĀNA'I,Sep,5608.61
2011,LĀNA'I,Oct,5607.75
2011,LĀNA'I,Nov,5025.26
2011,LĀNA'I,Dec,6850.48
2011,KAUA'I,Jan,75582.44
2011,KAUA'I,Feb,76819.02
2011,KAUA'I,Mar,82260.83
2011,KAUA'I,Apr,83749.86
2011,KAUA'I,May,82091.93
2011,KAUA'I,Jun,92504.83
2011,KAUA'I,Jul,102443.77
2011,KAUA'I,Aug,89228.06
2011,KAUA'I,Sep,81386.40
2011,KAUA'I,Oct,81645.68
2011,KAUA'I,Nov,72879.58
2011,KAUA'I,Dec,90907.13
2011,HAWAI'I ISLAND,Jan,115037.32
2011,HAWAI'I ISLAND,Feb,116585.58
2011,HAWAI'I ISLAND,Mar,118908.41
2011,HAWAI'I ISLAND,Apr,104550.76
2011,HAWAI'I ISLAND,May,96718.02
2011,HAWAI'I ISLAND,Jun,109698.92
2011,HAWAI'I ISLAND,Jul,124426.62
2011,HAWAI'I ISLAND,Aug,113767.00
2011,HAWAI'I ISLAND,Sep,99006.78
2011,HAWAI'I ISLAND,Oct,98886.09
2011,HAWAI'I ISLAND,Nov,96967.26
2011,HAWAI'I ISLAND,Dec,123757.69
2012,O'AHU,Jan,390301.04
2012,O'AHU,Feb,366579.73
2012,O'AHU,Mar,405062.21
2012,O'AHU,Apr,371770.92
2012,O'AHU,May,396694.15
2012,O'AHU,Jun,427096.16
2012,O'AHU,Jul,459248.54
2012,O'AHU,Aug,466004.30
2012,O'AHU,Sep,388307.36
2012,O'AHU,Oct,390490.10
2012,O'AHU,Nov,394273.79
2012,O'AHU,Dec,448217.16
2012,MAUI,Jan,190323.82
2012,MAUI,Feb,185220.12
2012,MAUI,Mar,215132.09
2012,MAUI,Apr,186610.63
2012,MAUI,May,172116.73
2012,MAUI,Jun,206946.62
2012,MAUI,Jul,213700.33
2012,MAUI,Aug,204669.26
2012,MAUI,Sep,163167.07
2012,MAUI,Oct,178430.05
2012,MAUI,Nov,182442.81
2012,MAUI,Dec,210434.29
2012,MOLOKA'I,Jan,4993.37
2012,MOLOKA'I,Feb,4610.90
2012,MOLOKA'I,Mar,4361.12
2012,MOLOKA'I,Apr,4841.19
2012,MOLOKA'I,May,4295.24
2012,MOLOKA'I,Jun,4168.55
2012,MOLOKA'I,Jul,4683.27
2012,MOLOKA'I,Aug,4036.43
2012,MOLOKA'I,Sep,4124.55
2012,MOLOKA'I,Oct,4106.44
2012,MOLOKA'I,Nov,4068.97
2012,MOLOKA'I,Dec,5032.63
2012,LĀNA'I,Jan,6355.81
2012,LĀNA'I,Feb,6054.62
2012,LĀNA'I,Mar,6581.88
2012,LĀNA'I,Apr,6319.37
2012,LĀNA'I,May,5638.70
2012,LĀNA'I,Jun,6459.03
2012,LĀNA'I,Jul,6138.16
2012,LĀNA'I,Aug,6592.55
2012,LĀNA'I,Sep,5544.68
2012,LĀNA'I,Oct,5212.72
2012,LĀNA'I,Nov,5317.46
2012,LĀNA'I,Dec,6433.93
2012,KAUA'I,Jan,83300.18
2012,KAUA'I,Feb,81617.75
2012,KAUA'I,Mar,93530.24
2012,KAUA'I,Apr,86965.67
2012,KAUA'I,May,85173.59
2012,KAUA'I,Jun,101904.99
2012,KAUA'I,Jul,103443.93
2012,KAUA'I,Aug,100502.66
2012,KAUA'I,Sep,83743.07
2012,KAUA'I,Oct,84434.86
2012,KAUA'I,Nov,82936.99
2012,KAUA'I,Dec,97127.06
2012,HAWAI'I ISLAND,Jan,125590.25
2012,HAWAI'I ISLAND,Feb,119627.60
2012,HAWAI'I ISLAND,Mar,131682.39
2012,HAWAI'I ISLAND,Apr,112910.68
2012,HAWAI'I ISLAND,May,104380.96
2012,HAWAI'I ISLAND,Jun,118149.36
2012,HAWAI'I ISLAND,Jul,133257.04
2012,HAWAI'I ISLAND,Aug,129441.40
2012,HAWAI'I ISLAND,Sep,96284.40
2012,HAWAI'I ISLAND,Oct,113416.73
2012,HAWAI'I ISLAND,Nov,113244.00
2012,HAWAI'I ISLAND,Dec,135296.95
2013,O'AHU,Jan,395363.77
2013,O'AHU,Feb,386215.72
2013,O'AHU,Mar,434897.41
2013,O'AHU,Apr,386073.66
2013,O'AHU,May,410650.83
2013,O'AHU,Jun,449660.00
2013,O'AHU,Jul,486709.16
2013,O'AHU,Aug,480529.56
2013,O'AHU,Sep,392513.80
2013,O'AHU,Oct,402225.20
2013,O'AHU,Nov,381627.25
2013,O'AHU,Dec,437809.42
2013,MAUI,Jan,198821.60
2013,MAUI,Feb,190752.42
2013,MAUI,Mar,217820.13
2013,MAUI,Apr,189407.67
2013,MAUI,May,182190.27
2013,MAUI,Jun,211887.60
2013,MAUI,Jul,225274.09
2013,MAUI,Aug,208400.70
2013,MAUI,Sep,165981.74
2013,MAUI,Oct,176230.59
2013,MAUI,Nov,180874.38
2013,MAUI,Dec,211142.35
2013,MOLOKA'I,Jan,5269.67
2013,MOLOKA'I,Feb,4204.20
2013,MOLOKA'I,Mar,4336.34
2013,MOLOKA'I,Apr,4457.60
2013,MOLOKA'I,May,4315.19
2013,MOLOKA'I,Jun,4591.02
2013,MOLOKA'I,Jul,4792.27
2013,MOLOKA'I,Aug,3748.44
2013,MOLOKA'I,Sep,4965.09
2013,MOLOKA'I,Oct,4502.88
2013,MOLOKA'I,Nov,4353.87
2013,MOLOKA'I,Dec,5620.61
2013,LĀNA'I,Jan,6302.13
2013,LĀNA'I,Feb,6144.65
2013,LĀNA'I,Mar,6664.16
2013,LĀNA'I,Apr,5696.40
2013,LĀNA'I,May,5476.75
2013,LĀNA'I,Jun,7037.25
2013,LĀNA'I,Jul,6212.18
2013,LĀNA'I,Aug,6241.81
2013,LĀNA'I,Sep,6392.46
2013,LĀNA'I,Oct,5883.03
2013,LĀNA'I,Nov,5507.42
2013,LĀNA'I,Dec,6751.66
2013,KAUA'I,Jan,92093.67
2013,KAUA'I,Feb,88562.28
2013,KAUA'I,Mar,94697.54
2013,KAUA'I,Apr,87642.63
2013,KAUA'I,May,90382.28
2013,KAUA'I,Jun,105546.07
2013,KAUA'I,Jul,108842.19
2013,KAUA'I,Aug,102012.59
2013,KAUA'I,Sep,84074.02
2013,KAUA'I,Oct,86880.33
2013,KAUA'I,Nov,81961.30
2013,KAUA'I,Dec,91659.34
2013,HAWAI'I ISLAND,Jan,131257.46
2013,HAWAI'I ISLAND,Feb,128212.01
2013,HAWAI'I ISLAND,Mar,132519.96
2013,HAWAI'I ISLAND,Apr,108188.42
2013,HAWAI'I ISLAND,May,108411.04
2013,HAWAI'I ISLAND,Jun,130936.38
2013,HAWAI'I ISLAND,Jul,134859.31
2013,HAWAI'I ISLAND,Aug,128282.46
2013,HAWAI'I ISLAND,Sep,101935.71
2013,HAWAI'I ISLAND,Oct,103929.86
2013,HAWAI'I ISLAND,Nov,101943.09
2013,HAWAI'I ISLAND,Dec,124769.42
2014,O'AHU,Jan,417883.06
2014,O'AHU,Feb,392615.32
2014,O'AHU,Mar,436844.90
2014,O'AHU,Apr,392377.05
2014,O'AHU,May,414449.87
2014,O'AHU,Jun,466255.52
2014,O'AHU,Jul,496626.48
2014,O'AHU,Aug,481794.54
2014,O'AHU,Sep,413046.29
2014,O'AHU,Oct,422733.70
2014,O'AHU,Nov,392912.43
2014,O'AHU,Dec,465081.42
2014,MAUI,Jan,200641.77
2014,MAUI,Feb,191758.26
2014,MAUI,Mar,216561.91
2014,MAUI,Apr,199374.22
2014,MAUI,May,190840.61
2014,MAUI,Jun,208634.61
2014,MAUI,Jul,227227.64
2014,MAUI,Aug,204886.21
2014,MAUI,Sep,171315.68
2014,MAUI,Oct,189389.96
2014,MAUI,Nov,188599.19
2014,MAUI,Dec,228187.43
2014,MOLOKA'I,Jan,5362.73
2014,MOLOKA'I,Feb,4867.07
2014,MOLOKA'I,Mar,4711.47
2014,MOLOKA'I,Apr,4340.79
2014,MOLOKA'I,May,4881.18
2014,MOLOKA'I,Jun,5130.50
2014,MOLOKA'I,Jul,5199.32
2014,MOLOKA'I,Aug,4740.45
2014,MOLOKA'I,Sep,4545.48
2014,MOLOKA'I,Oct,4943.90
2014,MOLOKA'I,Nov,5088.06
2014,MOLOKA'I,Dec,6288.82
2014,LĀNA'I,Jan,6026.70
2014,LĀNA'I,Feb,5256.32
2014,LĀNA'I,Mar,5424.88
2014,LĀNA'I,Apr,5550.37
2014,LĀNA'I,May,5924.69
2014,LĀNA'I,Jun,4956.63
2014,LĀNA'I,Jul,5539.52
2014,LĀNA'I,Aug,5632.38
2014,LĀNA'I,Sep,5784.86
2014,LĀNA'I,Oct,5412.14
2014,LĀNA'I,Nov,5408.94
2014,LĀNA'I,Dec,7233.01
2014,KAUA'I,Jan,92591.30
2014,KAUA'I,Feb,82926.40
2014,KAUA'I,Mar,92947.24
2014,KAUA'I,Apr,89283.24
2014,KAUA'I,May,92363.68
2014,KAUA'I,Jun,104708.21
2014,KAUA'I,Jul,113115.75
2014,KAUA'I,Aug,101319.22
2014,KAUA'I,Sep,81245.19
2014,KAUA'I,Oct,85421.74
2014,KAUA'I,Nov,82504.77
2014,KAUA'I,Dec,101546.15
2014,HAWAI'I ISLAND,Jan,131462.88
2014,HAWAI'I ISLAND,Feb,121408.97
2014,HAWAI'I ISLAND,Mar,127682.04
2014,HAWAI'I ISLAND,Apr,109439.20
2014,HAWAI'I ISLAND,May,106600.93
2014,HAWAI'I ISLAND,Jun,126073.62
2014,HAWAI'I ISLAND,Jul,140126.89
2014,HAWAI'I ISLAND,Aug,127923.07
2014,HAWAI'I ISLAND,Sep,100585.84
2014,HAWAI'I ISLAND,Oct,115588.51
2014,HAWAI'I ISLAND,Nov,107439.42
2014,HAWAI'I ISLAND,Dec,140352.63
2015,O'AHU,Jan,405600.18
2015,O'AHU,Feb,400685.82
2015,O'AHU,Mar,458775.64
2015,O'AHU,Apr,401169.40
2015,O'AHU,May,447537.22
2015,O'AHU,Jun,484757.09
2015,O'AHU,Jul,513577.15
2015,O'AHU,Aug,489422.85
2015,O'AHU,Sep,413825.89
2015,O'AHU,Oct,429361.13
2015,O'AHU,Nov,407376.13
2015,O'AHU,Dec,487823.55
2015,MAUI,Jan,212977.32
2015,MAUI,Feb,197831.89
2015,MAUI,Mar,231792.17
2015,MAUI,Apr,203082.26
2015,MAUI,May,206494.34
2015,MAUI,Jun,232297.05
2015,MAUI,Jul,243708.35
2015,MAUI,Aug,216265.42
2015,MAUI,Sep,177152.58
2015,MAUI,Oct,191102.34
2015,MAUI,Nov,194885.43
2015,MAUI,Dec,232572.50
2015,MOLOKA'I,Jan,6227.54
2015,MOLOKA'I,Feb,7299.85
2015,MOLOKA'I,Mar,7001.17
2015,MOLOKA'I,Apr,4099.84
2015,MOLOKA'I,May,4960.02
2015,MOLOKA'I,Jun,6892.78
2015,MOLOKA'I,Jul,5341.22
2015,MOLOKA'I,Aug,5158.18
2015,MOLOKA'I,Sep,4266.91
2015,MOLOKA'I,Oct,4053.56
2015,MOLOKA'I,Nov,3921.01
2015,MOLOKA'I,Dec,5544.96
2015,LĀNA'I,Jan,5666.28
2015,LĀNA'I,Feb,6342.32
2015,LĀNA'I,Mar,6289.63
2015,LĀNA'I,Apr,4774.42
2015,LĀNA'I,May,5280.06
2015,LĀNA'I,Jun,6401.52
2015,LĀNA'I,Jul,4098.61
2015,LĀNA'I,Aug,4566.99
2015,LĀNA'I,Sep,3658.88
2015,LĀNA'I,Oct,3579.83
2015,LĀNA'I,Nov,3450.01
2015,LĀNA'I,Dec,4281.73
2015,KAUA'I,Jan,97695.23
2015,KAUA'I,Feb,86269.68
2015,KAUA'I,Mar,103456.86
2015,KAUA'I,Apr,93007.89
2015,KAUA'I,May,98417.47
2015,KAUA'I,Jun,110804.64
2015,KAUA'I,Jul,116420.67
2015,KAUA'I,Aug,103924.01
2015,KAUA'I,Sep,85284.17
2015,KAUA'I,Oct,91860.45
2015,KAUA'I,Nov,82978.92
2015,KAUA'I,Dec,103632.05
2015,HAWAI'I ISLAND,Jan,130645.53
2015,HAWAI'I ISLAND,Feb,124858.14
2015,HAWAI'I ISLAND,Mar,138285.45
2015,HAWAI'I ISLAND,Apr,117142.11
2015,HAWAI'I ISLAND,May,116588.75
2015,HAWAI'I ISLAND,Jun,139026.52
2015,HAWAI'I ISLAND,Jul,148574.24
2015,HAWAI'I ISLAND,Aug,130350.58
2015,HAWAI'I ISLAND,Sep,101424.35
2015,HAWAI'I ISLAND,Oct,115228.92
2015,HAWAI'I ISLAND,Nov,109178.34
2015,HAWAI'I ISLAND,Dec,143670.34
2016,O'AHU,Jan,433867.77
2016,O'AHU,Feb,413383.65
2016,O'AHU,Mar,450642.53
2016,O'AHU,Apr,407656.00
2016,O'AHU,May,449776.84
2016,O'AHU,Jun,494833.75
2016,O'AHU,Jul,514313.10
2016,O'AHU,Aug,495517.63
2016,O'AHU,Sep,432533.00
2016,O'AHU,Oct,435329.84
2016,O'AHU,Nov,422040.05
2016,O'AHU,Dec,497335.06
2016,MAUI,Jan,215747.27
2016,MAUI,Feb,205407.13
2016,MAUI,Mar,232375.17
2016,MAUI,Apr,211662.57
2016,MAUI,May,212134.61
2016,MAUI,Jun,238647.65
2016,MAUI,Jul,254728.38
2016,MAUI,Aug,226189.57
2016,MAUI,Sep,194517.35
2016,MAUI,Oct,206507.16
2016,MAUI,Nov,196946.02
2016,MAUI,Dec,239374.01
2016,MOLOKA'I,Jan,5582.16
2016,MOLOKA'I,Feb,5027.94
2016,MOLOKA'I,Mar,6106.17
2016,MOLOKA'I,Apr,4397.88
2016,MOLOKA'I,May,4692.88
2016,MOLOKA'I,Jun,4830.59
2016,MOLOKA'I,Jul,4833.42
2016,MOLOKA'I,Aug,4937.10
2016,MOLOKA'I,Sep,4506.33
2016,MOLOKA'I,Oct,4237.06
2016,MOLOKA'I,Nov,4032.30
2016,MOLOKA'I,Dec,5747.83
2016,LĀNA'I,Jan,4334.06
2016,LĀNA'I,Feb,4150.30
2016,LĀNA'I,Mar,5332.68
2016,LĀNA'I,Apr,6086.50
2016,LĀNA'I,May,5826.83
2016,LĀNA'I,Jun,5126.96
2016,LĀNA'I,Jul,5054.30
2016,LĀNA'I,Aug,6147.27
2016,LĀNA'I,Sep,5103.85
2016,LĀNA'I,Oct,4671.14
2016,LĀNA'I,Nov,5231.71
2016,LĀNA'I,Dec,5958.87
2016,KAUA'I,Jan,96331.40
2016,KAUA'I,Feb,88314.51
2016,KAUA'I,Mar,96534.69
2016,KAUA'I,Apr,93001.34
2016,KAUA'I,May,95314.86
2016,KAUA'I,Jun,114323.40
2016,KAUA'I,Jul,119870.91
2016,KAUA'I,Aug,105087.09
2016,KAUA'I,Sep,89089.64
2016,KAUA'I,Oct,93991.74
2016,KAUA'I,Nov,87341.95
2016,KAUA'I,Dec,108067.28
2016,HAWAI'I ISLAND,Jan,136047.49
2016,HAWAI'I ISLAND,Feb,124627.37
2016,HAWAI'I ISLAND,Mar,133685.33
2016,HAWAI'I ISLAND,Apr,117457.49
2016,HAWAI'I ISLAND,May,114172.56
2016,HAWAI'I ISLAND,Jun,141537.40
2016,HAWAI'I ISLAND,Jul,148112.38
2016,HAWAI'I ISLAND,Aug,132883.66
2016,HAWAI'I ISLAND,Sep,111354.73
2016,HAWAI'I ISLAND,Oct,121280.52
2016,HAWAI'I ISLAND,Nov,113823.69
2016,HAWAI'I ISLAND,Dec,154960.15
2017,O'AHU,Jan,"449,831"
2017,O'AHU,Feb,"421,218"
2017,O'AHU,Mar,"466,361"
2017,O'AHU,Apr,"439,582"
2017,O'AHU,May,"461,111"
2017,O'AHU,Jun,"514,068"
2017,O'AHU,Jul,"559,084"
2017,O'AHU,Aug,"518,991"
2017,O'AHU,Sep,"447,844"
2017,O'AHU,Oct,"447,139"
2017,O'AHU,Nov,"441,890"
2017,O'AHU,Dec,"516,225"
2017,MAUI,Jan,221757.98
2017,MAUI,Feb,202370.01
2017,MAUI,Mar,240401.59
2017,MAUI,Apr,229080.10
2017,MAUI,May,222949.98
2017,MAUI,Jun,252629.42
2017,MAUI,Jul,263138.55
2017,MAUI,Aug,232584.27
2017,MAUI,Sep,201174.01
2017,MAUI,Oct,215537.33
2017,MAUI,Nov,217150.19
2017,MAUI,Dec,259002.33
2017,MOLOKA'I,Jan,5324.76
2017,MOLOKA'I,Feb,4704.14
2017,MOLOKA'I,Mar,5554.69
2017,MOLOKA'I,Apr,4203.13
2017,MOLOKA'I,May,4480.78
2017,MOLOKA'I,Jun,4838.87
2017,MOLOKA'I,Jul,4288.38
2017,MOLOKA'I,Aug,4593.12
2017,MOLOKA'I,Sep,5305.46
2017,MOLOKA'I,Oct,4286.75
2017,MOLOKA'I,Nov,4435.97
2017,MOLOKA'I,Dec,5982.12
2017,LĀNA'I,Jan,4651.84
2017,LĀNA'I,Feb,4356.08
2017,LĀNA'I,Mar,6154.13
2017,LĀNA'I,Apr,5639.81
2017,LĀNA'I,May,5998.40
2017,LĀNA'I,Jun,5365.56
2017,LĀNA'I,Jul,5269.97
2017,LĀNA'I,Aug,5429.77
2017,LĀNA'I,Sep,5215.11
2017,LĀNA'I,Oct,4975.43
2017,LĀNA'I,Nov,4879.45
2017,LĀNA'I,Dec,6593.33
2017,KAUA'I,Jan,99740.41
2017,KAUA'I,Feb,94688.44
2017,KAUA'I,Mar,105296.18
2017,KAUA'I,Apr,102767.14
2017,KAUA'I,May,105571.97
2017,KAUA'I,Jun,124861.92
2017,KAUA'I,Jul,128329.96
2017,KAUA'I,Aug,111878.62
2017,KAUA'I,Sep,97561.31
2017,KAUA'I,Oct,100511.53
2017,KAUA'I,Nov,97397.64
2017,KAUA'I,Dec,116837.64
2017,HAWAI'I ISLAND,Jan,151578.27
2017,HAWAI'I ISLAND,Feb,135202.65
2017,HAWAI'I ISLAND,Mar,151901.24
2017,HAWAI'I ISLAND,Apr,139990.28
2017,HAWAI'I ISLAND,May,134110.30
2017,HAWAI'I ISLAND,Jun,157489.22
2017,HAWAI'I ISLAND,Jul,175862.27
2017,HAWAI'I ISLAND,Aug,152242.96
2017,HAWAI'I ISLAND,Sep,121035.18
2017,HAWAI'I ISLAND,Oct,135236.55
2017,HAWAI'I ISLAND,Nov,137717.60
2017,HAWAI'I ISLAND,Dec,174777.67
2018,O'AHU,Jan,457656.58
2018,O'AHU,Feb,454308.37
2018,O'AHU,Mar,503033.39
2018,O'AHU,Apr,445058.03
2018,O'AHU,May,482224.38
2018,O'AHU,Jun,536414.22
2018,O'AHU,Jul,561784.05
2018,O'AHU,Aug,534977.42
2018,O'AHU,Sep,453390.04
2018,O'AHU,Oct,460567.92
2018,O'AHU,Nov,449924.23
2018,O'AHU,Dec,523018.94
2018,MAUI,Jan,230278.77
2018,MAUI,Feb,218709.21
2018,MAUI,Mar,259106.59
2018,MAUI,Apr,236915.40
2018,MAUI,May,238450.65
2018,MAUI,Jun,281701.11
2018,MAUI,Jul,296054.68
2018,MAUI,Aug,245077.61
2018,MAUI,Sep,210756.29
2018,MAUI,Oct,216518.24
2018,MAUI,Nov,226915.20
2018,MAUI,Dec,254428.31
2018,MOLOKA'I,Jan,5166.03
2018,MOLOKA'I,Feb,5967.59
2018,MOLOKA'I,Mar,4858.98
2018,MOLOKA'I,Apr,5746.51
2018,MOLOKA'I,May,4434.89
2018,MOLOKA'I,Jun,4531.22
2018,MOLOKA'I,Jul,5612.69
2018,MOLOKA'I,Aug,3902.52
2018,MOLOKA'I,Sep,4471.00
2018,MOLOKA'I,Oct,4586.00
2018,MOLOKA'I,Nov,4716.98
2018,MOLOKA'I,Dec,4891.08
2018,LĀNA'I,Jan,6128.65
2018,LĀNA'I,Feb,6406.74
2018,LĀNA'I,Mar,7006.53
2018,LĀNA'I,Apr,6515.16
2018,LĀNA'I,May,6529.54
2018,LĀNA'I,Jun,7034.25
2018,LĀNA'I,Jul,6215.09
2018,LĀNA'I,Aug,6421.65
2018,LĀNA'I,Sep,5293.94
2018,LĀNA'I,Oct,5603.61
2018,LĀNA'I,Nov,6098.59
2018,LĀNA'I,Dec,5756.56
2018,KAUA'I,Jan,111640.54
2018,KAUA'I,Feb,106023.84
2018,KAUA'I,Mar,128070.72
2018,KAUA'I,Apr,113316.67
2018,KAUA'I,May,112172.73
2018,KAUA'I,Jun,136246.35
2018,KAUA'I,Jul,137857.92
2018,KAUA'I,Aug,115756.00
2018,KAUA'I,Sep,100575.76
2018,KAUA'I,Oct,103502.79
2018,KAUA'I,Nov,104437.32
2018,KAUA'I,Dec,119699.76
2018,HAWAI'I ISLAND,Jan,157307.16
2018,HAWAI'I ISLAND,Feb,161870.20
2018,HAWAI'I ISLAND,Mar,172452.16
2018,HAWAI'I ISLAND,Apr,152557.05
2018,HAWAI'I ISLAND,May,130718.06
2018,HAWAI'I ISLAND,Jun,150003.25
2018,HAWAI'I ISLAND,Jul,152217.64
2018,HAWAI'I ISLAND,Aug,134347.97
2018,HAWAI'I ISLAND,Sep,101245.33
2018,HAWAI'I ISLAND,Oct,115198.67
2018,HAWAI'I ISLAND,Nov,123151.25
2018,HAWAI'I ISLAND,Dec,155149.04