country,year,pop,island,month,Totalamount
any,1991,1,O'AHU,Jan,408322.82
any,1991,1,O'AHU,Feb,296242.88
any,1991,1,O'AHU,Mar,361459.93
any,1991,1,O'AHU,Apr,362282.54
any,1991,1,O'AHU,May,391957.63
any,1991,1,O'AHU,Jun,447115.05
any,1991,1,O'AHU,Jul,481785.80
any,1991,1,O'AHU,Aug,495543.50
any,1991,1,O'AHU,Sep,407802.61
any,1991,1,O'AHU,Oct,373013.91
any,1991,1,O'AHU,Nov,377872.76
any,1991,1,O'AHU,Dec,427627.15
any,1991,1,MAUI CTY,Jan,171325.02
any,1991,1,MAUI CTY,Feb,143639.48
any,1991,1,MAUI CTY,Mar,187543.73
any,1991,1,MAUI CTY,Apr,180448.30
any,1991,1,MAUI CTY,May,177161.10
any,1991,1,MAUI CTY,Jun,199050.56
any,1991,1,MAUI CTY,Jul,207746.41
any,1991,1,MAUI CTY,Aug,207730.35
any,1991,1,MAUI CTY,Sep,166088.09
any,1991,1,MAUI CTY,Oct,183609.36
any,1991,1,MAUI CTY,Nov,175972.39
any,1991,1,MAUI CTY,Dec,175291.33
any,1991,1,MAUI,Jan,166997.65
any,1991,1,MAUI,Feb,140214.86
any,1991,1,MAUI,Mar,182890.04
any,1991,1,MAUI,Apr,177258.41
any,1991,1,MAUI,May,173022.26
any,1991,1,MAUI,Jun,195620.86
any,1991,1,MAUI,Jul,202828.50
any,1991,1,MAUI,Aug,204338.04
any,1991,1,MAUI,Sep,163767.44
any,1991,1,MAUI,Oct,179335.71
any,1991,1,MAUI,Nov,171972.04
any,1991,1,MAUI,Dec,170774.15
any,1991,1,MOLOKA'I,Jan,8680.67
any,1991,1,MOLOKA'I,Feb,7589.13
any,1991,1,MOLOKA'I,Mar,9629.17
any,1991,1,MOLOKA'I,Apr,7822.32
any,1991,1,MOLOKA'I,May,9056.88
any,1991,1,MOLOKA'I,Jun,6802.02
any,1991,1,MOLOKA'I,Jul,8526.67
any,1991,1,MOLOKA'I,Aug,7159.76
any,1991,1,MOLOKA'I,Sep,4553.01
any,1991,1,MOLOKA'I,Oct,6292.22
any,1991,1,MOLOKA'I,Nov,6463.88
any,1991,1,MOLOKA'I,Dec,6785.69
any,1991,1,LĀNA'I,Jan,4520.33
any,1991,1,LĀNA'I,Feb,3849.45
any,1991,1,LĀNA'I,Mar,4469.40
any,1991,1,LĀNA'I,Apr,4726.23
any,1991,1,LĀNA'I,May,6085.08
any,1991,1,LĀNA'I,Jun,4957.18
any,1991,1,LĀNA'I,Jul,4588.71
any,1991,1,LĀNA'I,Aug,5358.28
any,1991,1,LĀNA'I,Sep,2816.43
any,1991,1,LĀNA'I,Oct,5217.47
any,1991,1,LĀNA'I,Nov,4968.00
any,1991,1,LĀNA'I,Dec,4164.62
any,1991,1,KAUA'I,Jan,91624.44
any,1991,1,KAUA'I,Feb,76135.16
any,1991,1,KAUA'I,Mar,95930.48
any,1991,1,KAUA'I,Apr,101985.85
any,1991,1,KAUA'I,May,103337.92
any,1991,1,KAUA'I,Jun,110432.96
any,1991,1,KAUA'I,Jul,114486.57
any,1991,1,KAUA'I,Aug,108884.33
any,1991,1,KAUA'I,Sep,94811.49
any,1991,1,KAUA'I,Oct,101559.93
any,1991,1,KAUA'I,Nov,91675.79
any,1991,1,KAUA'I,Dec,91461.42
any,1991,1,HAWAI'I ISLAND,Jan,99362.13
any,1991,1,HAWAI'I ISLAND,Feb,80572.83
any,1991,1,HAWAI'I ISLAND,Mar,96975.06
any,1991,1,HAWAI'I ISLAND,Apr,95849.20
any,1991,1,HAWAI'I ISLAND,May,92712.26
any,1991,1,HAWAI'I ISLAND,Jun,92051.56
any,1991,1,HAWAI'I ISLAND,Jul,115012.75
any,1991,1,HAWAI'I ISLAND,Aug,101415.09
any,1991,1,HAWAI'I ISLAND,Sep,73282.39
any,1991,1,HAWAI'I ISLAND,Oct,88412.31
any,1991,1,HAWAI'I ISLAND,Nov,86989.23
any,1991,1,HAWAI'I ISLAND,Dec,88400.15
any,1991,1,HILO,Jan,32059.98
any,1991,1,HILO,Feb,25841.26
any,1991,1,HILO,Mar,33275.25
any,1991,1,HILO,Apr,28960.63
any,1991,1,HILO,May,32036.05
any,1991,1,HILO,Jun,29762.50
any,1991,1,HILO,Jul,36067.27
any,1991,1,HILO,Aug,32528.01
any,1991,1,HILO,Sep,21304.38
any,1991,1,HILO,Oct,28277.85
any,1991,1,HILO,Nov,29725.18
any,1991,1,HILO,Dec,31907.05
any,1991,1,KONA,Jan,85061.40
any,1991,1,KONA,Feb,70897.74
any,1991,1,KONA,Mar,82700.13
any,1991,1,KONA,Apr,85418.28
any,1991,1,KONA,May,79498.65
any,1991,1,KONA,Jun,80782.88
any,1991,1,KONA,Jul,96170.38
any,1991,1,KONA,Aug,87366.16
any,1991,1,KONA,Sep,64747.38
any,1991,1,KONA,Oct,75598.34
any,1991,1,KONA,Nov,73960.13
any,1991,1,KONA,Dec,71389.81
any,1992,1,O'AHU,Jan,418399.68
any,1992,1,O'AHU,Feb,397548.16
any,1992,1,O'AHU,Mar,403331.54
any,1992,1,O'AHU,Apr,360550.04
any,1992,1,O'AHU,May,384765.04
any,1992,1,O'AHU,Jun,433178.82
any,1992,1,O'AHU,Jul,440045.66
any,1992,1,O'AHU,Aug,449905.66
any,1992,1,O'AHU,Sep,404887.52
any,1992,1,O'AHU,Oct,378724.81
any,1992,1,O'AHU,Nov,384863.54
any,1992,1,O'AHU,Dec,407959.07
any,1992,1,MAUI CTY,Jan,169790.40
any,1992,1,MAUI CTY,Feb,188204.21
any,1992,1,MAUI CTY,Mar,193580.60
any,1992,1,MAUI CTY,Apr,183106.64
any,1992,1,MAUI CTY,May,182811.83
any,1992,1,MAUI CTY,Jun,200444.26
any,1992,1,MAUI CTY,Jul,204781.12
any,1992,1,MAUI CTY,Aug,201781.89
any,1992,1,MAUI CTY,Sep,177390.30
any,1992,1,MAUI CTY,Oct,212832.36
any,1992,1,MAUI CTY,Nov,205873.15
any,1992,1,MAUI CTY,Dec,203014.82
any,1992,1,MAUI,Jan,165470.32
any,1992,1,MAUI,Feb,182650.66
any,1992,1,MAUI,Mar,188367.26
any,1992,1,MAUI,Apr,178726.30
any,1992,1,MAUI,May,178739.02
any,1992,1,MAUI,Jun,196158.12
any,1992,1,MAUI,Jul,200546.61
any,1992,1,MAUI,Aug,197346.15
any,1992,1,MAUI,Sep,170972.66
any,1992,1,MAUI,Oct,208985.69
any,1992,1,MAUI,Nov,201249.52
any,1992,1,MAUI,Dec,197807.75
any,1992,1,MOLOKA'I,Jan,10418.35
any,1992,1,MOLOKA'I,Feb,8306.77
any,1992,1,MOLOKA'I,Mar,9591.33
any,1992,1,MOLOKA'I,Apr,8759.69
any,1992,1,MOLOKA'I,May,8278.54
any,1992,1,MOLOKA'I,Jun,10097.55
any,1992,1,MOLOKA'I,Jul,10886.25
any,1992,1,MOLOKA'I,Aug,8877.51
any,1992,1,MOLOKA'I,Sep,9109.35
any,1992,1,MOLOKA'I,Oct,10078.02
any,1992,1,MOLOKA'I,Nov,11021.39
any,1992,1,MOLOKA'I,Dec,10258.81
any,1992,1,LĀNA'I,Jan,6861.46
any,1992,1,LĀNA'I,Feb,6116.86
any,1992,1,LĀNA'I,Mar,7309.40
any,1992,1,LĀNA'I,Apr,6311.95
any,1992,1,LĀNA'I,May,6031.50
any,1992,1,LĀNA'I,Jun,6284.90
any,1992,1,LĀNA'I,Jul,7061.94
any,1992,1,LĀNA'I,Aug,6592.20
any,1992,1,LĀNA'I,Sep,6494.70
any,1992,1,LĀNA'I,Oct,6635.66
any,1992,1,LĀNA'I,Nov,7457.76
any,1992,1,LĀNA'I,Dec,6083.72
any,1992,1,KAUA'I,Jan,87502.64
any,1992,1,KAUA'I,Feb,77022.96
any,1992,1,KAUA'I,Mar,91785.54
any,1992,1,KAUA'I,Apr,93797.28
any,1992,1,KAUA'I,May,98215.93
any,1992,1,KAUA'I,Jun,102138.63
any,1992,1,KAUA'I,Jul,110821.58
any,1992,1,KAUA'I,Aug,108263.69
any,1992,1,KAUA'I,Sep,49725.16
any,1992,1,KAUA'I,Oct,16187.14
any,1992,1,KAUA'I,Nov,21154.36
any,1992,1,KAUA'I,Dec,25115.42
any,1992,1,HAWAI'I ISLAND,Jan,94132.73
any,1992,1,HAWAI'I ISLAND,Feb,79322.53
any,1992,1,HAWAI'I ISLAND,Mar,89798.92
any,1992,1,HAWAI'I ISLAND,Apr,88855.12
any,1992,1,HAWAI'I ISLAND,May,86430.64
any,1992,1,HAWAI'I ISLAND,Jun,98135.10
any,1992,1,HAWAI'I ISLAND,Jul,98208.17
any,1992,1,HAWAI'I ISLAND,Aug,90332.64
any,1992,1,HAWAI'I ISLAND,Sep,85799.56
any,1992,1,HAWAI'I ISLAND,Oct,115369.38
any,1992,1,HAWAI'I ISLAND,Nov,108965.37
any,1992,1,HAWAI'I ISLAND,Dec,104628.16
any,1992,1,HILO,Jan,32647.87
any,1992,1,HILO,Feb,27507.53
any,1992,1,HILO,Mar,35485.37
any,1992,1,HILO,Apr,30406.81
any,1992,1,HILO,May,29032.66
any,1992,1,HILO,Jun,37303.15
any,1992,1,HILO,Jul,36850.34
any,1992,1,HILO,Aug,33706.43
any,1992,1,HILO,Sep,31160.29
any,1992,1,HILO,Oct,36324.93
any,1992,1,HILO,Nov,35113.04
any,1992,1,HILO,Dec,37581.30
any,1992,1,KONA,Jan,81531.46
any,1992,1,KONA,Feb,67609.94
any,1992,1,KONA,Mar,76737.97
any,1992,1,KONA,Apr,75314.13
any,1992,1,KONA,May,72952.38
any,1992,1,KONA,Jun,80927.77
any,1992,1,KONA,Jul,83362.63
any,1992,1,KONA,Aug,75533.54
any,1992,1,KONA,Sep,72505.72
any,1992,1,KONA,Oct,101005.46
any,1992,1,KONA,Nov,94389.71
any,1992,1,KONA,Dec,88825.29
any,1993,1,O'AHU,Jan,387528.45
any,1993,1,O'AHU,Feb,340022.39
any,1993,1,O'AHU,Mar,385435.90
any,1993,1,O'AHU,Apr,340057.71
any,1993,1,O'AHU,May,362777.30
any,1993,1,O'AHU,Jun,372663.27
any,1993,1,O'AHU,Jul,423477.14
any,1993,1,O'AHU,Aug,424620.04
any,1993,1,O'AHU,Sep,349246.70
any,1993,1,O'AHU,Oct,342879.76
any,1993,1,O'AHU,Nov,349498.63
any,1993,1,O'AHU,Dec,394027.40
any,1993,1,MAUI CTY,Jan,193906.67
any,1993,1,MAUI CTY,Feb,198747.55
any,1993,1,MAUI CTY,Mar,209679.98
any,1993,1,MAUI CTY,Apr,197191.76
any,1993,1,MAUI CTY,May,174824.04
any,1993,1,MAUI CTY,Jun,184164.38
any,1993,1,MAUI CTY,Jul,193138.98
any,1993,1,MAUI CTY,Aug,198530.34
any,1993,1,MAUI CTY,Sep,173396.45
any,1993,1,MAUI CTY,Oct,194984.40
any,1993,1,MAUI CTY,Nov,175667.37
any,1993,1,MAUI CTY,Dec,168881.93
any,1993,1,MAUI,Jan,186953.00
any,1993,1,MAUI,Feb,193383.58
any,1993,1,MAUI,Mar,204011.00
any,1993,1,MAUI,Apr,193076.49
any,1993,1,MAUI,May,171428.11
any,1993,1,MAUI,Jun,180418.18
any,1993,1,MAUI,Jul,190082.10
any,1993,1,MAUI,Aug,194777.45
any,1993,1,MAUI,Sep,169905.59
any,1993,1,MAUI,Oct,190954.84
any,1993,1,MAUI,Nov,171927.85
any,1993,1,MAUI,Dec,165211.06
any,1993,1,MOLOKA'I,Jan,12681.39
any,1993,1,MOLOKA'I,Feb,9414.75
any,1993,1,MOLOKA'I,Mar,8981.33
any,1993,1,MOLOKA'I,Apr,7508.89
any,1993,1,MOLOKA'I,May,6481.79
any,1993,1,MOLOKA'I,Jun,8414.98
any,1993,1,MOLOKA'I,Jul,7394.94
any,1993,1,MOLOKA'I,Aug,6322.85
any,1993,1,MOLOKA'I,Sep,7808.67
any,1993,1,MOLOKA'I,Oct,6641.56
any,1993,1,MOLOKA'I,Nov,6124.53
any,1993,1,MOLOKA'I,Dec,6403.71
any,1993,1,LĀNA'I,Jan,6947.09
any,1993,1,LĀNA'I,Feb,7129.41
any,1993,1,LĀNA'I,Mar,7232.12
any,1993,1,LĀNA'I,Apr,5983.76
any,1993,1,LĀNA'I,May,5663.75
any,1993,1,LĀNA'I,Jun,6715.22
any,1993,1,LĀNA'I,Jul,5307.92
any,1993,1,LĀNA'I,Aug,5351.36
any,1993,1,LĀNA'I,Sep,6646.19
any,1993,1,LĀNA'I,Oct,5945.09
any,1993,1,LĀNA'I,Nov,5194.45
any,1993,1,LĀNA'I,Dec,4929.55
any,1993,1,KAUA'I,Jan,32160.01
any,1993,1,KAUA'I,Feb,31398.60
any,1993,1,KAUA'I,Mar,43407.53
any,1993,1,KAUA'I,Apr,40840.56
any,1993,1,KAUA'I,May,39504.81
any,1993,1,KAUA'I,Jun,54815.21
any,1993,1,KAUA'I,Jul,55149.50
any,1993,1,KAUA'I,Aug,52074.26
any,1993,1,KAUA'I,Sep,53883.13
any,1993,1,KAUA'I,Oct,57540.52
any,1993,1,KAUA'I,Nov,58885.80
any,1993,1,KAUA'I,Dec,56705.76
any,1993,1,HAWAI'I ISLAND,Jan,111850.90
any,1993,1,HAWAI'I ISLAND,Feb,95260.13
any,1993,1,HAWAI'I ISLAND,Mar,102055.20
any,1993,1,HAWAI'I ISLAND,Apr,92161.04
any,1993,1,HAWAI'I ISLAND,May,85313.55
any,1993,1,HAWAI'I ISLAND,Jun,89757.08
any,1993,1,HAWAI'I ISLAND,Jul,96290.36
any,1993,1,HAWAI'I ISLAND,Aug,95297.36
any,1993,1,HAWAI'I ISLAND,Sep,88068.41
any,1993,1,HAWAI'I ISLAND,Oct,97456.70
any,1993,1,HAWAI'I ISLAND,Nov,84737.49
any,1993,1,HAWAI'I ISLAND,Dec,79407.67
any,1993,1,HILO,Jan,33863.45
any,1993,1,HILO,Feb,28272.07
any,1993,1,HILO,Mar,35320.35
any,1993,1,HILO,Apr,29414.58
any,1993,1,HILO,May,29245.46
any,1993,1,HILO,Jun,31314.05
any,1993,1,HILO,Jul,30019.74
any,1993,1,HILO,Aug,26434.74
any,1993,1,HILO,Sep,28557.18
any,1993,1,HILO,Oct,29605.98
any,1993,1,HILO,Nov,24655.01
any,1993,1,HILO,Dec,25798.28
any,1993,1,KONA,Jan,99268.33
any,1993,1,KONA,Feb,84681.60
any,1993,1,KONA,Mar,88305.87
any,1993,1,KONA,Apr,80002.69
any,1993,1,KONA,May,70768.44
any,1993,1,KONA,Jun,76676.02
any,1993,1,KONA,Jul,83600.70
any,1993,1,KONA,Aug,84115.06
any,1993,1,KONA,Sep,76466.26
any,1993,1,KONA,Oct,86458.02
any,1993,1,KONA,Nov,75618.75
any,1993,1,KONA,Dec,67771.74
any,1994,1,O'AHU,Jan,351456.83
any,1994,1,O'AHU,Feb,378670.95
any,1994,1,O'AHU,Mar,414477.36
any,1994,1,O'AHU,Apr,335845.65
any,1994,1,O'AHU,May,350341.57
any,1994,1,O'AHU,Jun,396776.55
any,1994,1,O'AHU,Jul,425867.78
any,1994,1,O'AHU,Aug,451915.50
any,1994,1,O'AHU,Sep,375036.13
any,1994,1,O'AHU,Oct,354362.51
any,1994,1,O'AHU,Nov,377394.16
any,1994,1,O'AHU,Dec,417591.11
any,1994,1,MAUI CTY,Jan,188980.90
any,1994,1,MAUI CTY,Feb,202338.97
any,1994,1,MAUI CTY,Mar,211682.92
any,1994,1,MAUI CTY,Apr,194176.07
any,1994,1,MAUI CTY,May,180361.75
any,1994,1,MAUI CTY,Jun,198389.26
any,1994,1,MAUI CTY,Jul,210627.46
any,1994,1,MAUI CTY,Aug,216473.41
any,1994,1,MAUI CTY,Sep,168741.48
any,1994,1,MAUI CTY,Oct,182803.90
any,1994,1,MAUI CTY,Nov,194058.96
any,1994,1,MAUI CTY,Dec,191880.89
any,1994,1,MAUI,Jan,183811.59
any,1994,1,MAUI,Feb,196375.76
any,1994,1,MAUI,Mar,207053.45
any,1994,1,MAUI,Apr,190257.76
any,1994,1,MAUI,May,176957.96
any,1994,1,MAUI,Jun,194499.57
any,1994,1,MAUI,Jul,206397.12
any,1994,1,MAUI,Aug,212362.06
any,1994,1,MAUI,Sep,165134.32
any,1994,1,MAUI,Oct,178631.62
any,1994,1,MAUI,Nov,190206.75
any,1994,1,MAUI,Dec,187121.08
any,1994,1,MOLOKA'I,Jan,8124.99
any,1994,1,MOLOKA'I,Feb,8120.36
any,1994,1,MOLOKA'I,Mar,7005.39
any,1994,1,MOLOKA'I,Apr,5793.61
any,1994,1,MOLOKA'I,May,5634.23
any,1994,1,MOLOKA'I,Jun,6414.07
any,1994,1,MOLOKA'I,Jul,6996.10
any,1994,1,MOLOKA'I,Aug,5436.41
any,1994,1,MOLOKA'I,Sep,5115.26
any,1994,1,MOLOKA'I,Oct,6211.14
any,1994,1,MOLOKA'I,Nov,6583.32
any,1994,1,MOLOKA'I,Dec,7699.84
any,1994,1,LĀNA'I,Jan,8036.83
any,1994,1,LĀNA'I,Feb,7107.27
any,1994,1,LĀNA'I,Mar,6801.13
any,1994,1,LĀNA'I,Apr,6562.73
any,1994,1,LĀNA'I,May,5749.02
any,1994,1,LĀNA'I,Jun,6260.92
any,1994,1,LĀNA'I,Jul,6881.25
any,1994,1,LĀNA'I,Aug,5958.09
any,1994,1,LĀNA'I,Sep,4672.29
any,1994,1,LĀNA'I,Oct,6027.04
any,1994,1,LĀNA'I,Nov,7201.06
any,1994,1,LĀNA'I,Dec,6754.86
any,1994,1,KAUA'I,Jan,69400.73
any,1994,1,KAUA'I,Feb,72532.50
any,1994,1,KAUA'I,Mar,70268.73
any,1994,1,KAUA'I,Apr,69053.48
any,1994,1,KAUA'I,May,70867.36
any,1994,1,KAUA'I,Jun,74317.26
any,1994,1,KAUA'I,Jul,79483.93
any,1994,1,KAUA'I,Aug,74310.25
any,1994,1,KAUA'I,Sep,64891.53
any,1994,1,KAUA'I,Oct,71456.32
any,1994,1,KAUA'I,Nov,72384.58
any,1994,1,KAUA'I,Dec,71752.07
any,1994,1,HAWAI'I ISLAND,Jan,87072.19
any,1994,1,HAWAI'I ISLAND,Feb,99349.21
any,1994,1,HAWAI'I ISLAND,Mar,104902.34
any,1994,1,HAWAI'I ISLAND,Apr,89290.88
any,1994,1,HAWAI'I ISLAND,May,84658.03
any,1994,1,HAWAI'I ISLAND,Jun,91429.84
any,1994,1,HAWAI'I ISLAND,Jul,97626.09
any,1994,1,HAWAI'I ISLAND,Aug,86078.84
any,1994,1,HAWAI'I ISLAND,Sep,71164.88
any,1994,1,HAWAI'I ISLAND,Oct,93455.46
any,1994,1,HAWAI'I ISLAND,Nov,87331.97
any,1994,1,HAWAI'I ISLAND,Dec,87175.25
any,1994,1,HILO,Jan,29300.18
any,1994,1,HILO,Feb,32025.67
any,1994,1,HILO,Mar,31764.07
any,1994,1,HILO,Apr,28640.04
any,1994,1,HILO,May,26116.59
any,1994,1,HILO,Jun,32123.10
any,1994,1,HILO,Jul,31242.74
any,1994,1,HILO,Aug,26342.15
any,1994,1,HILO,Sep,21666.06
any,1994,1,HILO,Oct,25790.70
any,1994,1,HILO,Nov,27291.62
any,1994,1,HILO,Dec,29836.80
any,1994,1,KONA,Jan,75141.18
any,1994,1,KONA,Feb,84848.14
any,1994,1,KONA,Mar,90355.20
any,1994,1,KONA,Apr,75938.14
any,1994,1,KONA,May,72405.95
any,1994,1,KONA,Jun,77686.75
any,1994,1,KONA,Jul,84441.62
any,1994,1,KONA,Aug,74308.90
any,1994,1,KONA,Sep,61485.71
any,1994,1,KONA,Oct,83501.03
any,1994,1,KONA,Nov,77644.11
any,1994,1,KONA,Dec,75292.55
any,1995,1,O'AHU,Jan,387833.19
any,1995,1,O'AHU,Feb,356399.80
any,1995,1,O'AHU,Mar,402418.30
any,1995,1,O'AHU,Apr,339305.98
any,1995,1,O'AHU,May,375640.64
any,1995,1,O'AHU,Jun,419989.37
any,1995,1,O'AHU,Jul,463948.64
any,1995,1,O'AHU,Aug,475909.65
any,1995,1,O'AHU,Sep,398003.55
any,1995,1,O'AHU,Oct,381570.74
any,1995,1,O'AHU,Nov,385376.20
any,1995,1,O'AHU,Dec,431156.01
any,1995,1,MAUI CTY,Jan,186148.47
any,1995,1,MAUI CTY,Feb,180821.01
any,1995,1,MAUI CTY,Mar,203291.70
any,1995,1,MAUI CTY,Apr,188933.52
any,1995,1,MAUI CTY,May,165528.06
any,1995,1,MAUI CTY,Jun,198815.96
any,1995,1,MAUI CTY,Jul,233262.46
any,1995,1,MAUI CTY,Aug,228078.79
any,1995,1,MAUI CTY,Sep,179397.17
any,1995,1,MAUI CTY,Oct,186571.63
any,1995,1,MAUI CTY,Nov,188999.24
any,1995,1,MAUI CTY,Dec,186948.83
any,1995,1,MAUI,Jan,180431.63
any,1995,1,MAUI,Feb,174289.55
any,1995,1,MAUI,Mar,199271.17
any,1995,1,MAUI,Apr,184094.85
any,1995,1,MAUI,May,161862.45
any,1995,1,MAUI,Jun,194670.63
any,1995,1,MAUI,Jul,228239.52
any,1995,1,MAUI,Aug,223613.46
any,1995,1,MAUI,Sep,175430.50
any,1995,1,MAUI,Oct,181520.20
any,1995,1,MAUI,Nov,183386.93
any,1995,1,MAUI,Dec,181462.46
any,1995,1,MOLOKA'I,Jan,7475.09
any,1995,1,MOLOKA'I,Feb,8629.35
any,1995,1,MOLOKA'I,Mar,7217.70
any,1995,1,MOLOKA'I,Apr,6264.31
any,1995,1,MOLOKA'I,May,5711.64
any,1995,1,MOLOKA'I,Jun,5577.70
any,1995,1,MOLOKA'I,Jul,7477.23
any,1995,1,MOLOKA'I,Aug,6422.19
any,1995,1,MOLOKA'I,Sep,6252.92
any,1995,1,MOLOKA'I,Oct,7261.45
any,1995,1,MOLOKA'I,Nov,7003.94
any,1995,1,MOLOKA'I,Dec,7815.59
any,1995,1,LĀNA'I,Jan,8191.32
any,1995,1,LĀNA'I,Feb,8851.46
any,1995,1,LĀNA'I,Mar,7662.65
any,1995,1,LĀNA'I,Apr,7488.57
any,1995,1,LĀNA'I,May,5926.84
any,1995,1,LĀNA'I,Jun,7484.71
any,1995,1,LĀNA'I,Jul,8197.21
any,1995,1,LĀNA'I,Aug,8087.09
any,1995,1,LĀNA'I,Sep,6674.68
any,1995,1,LĀNA'I,Oct,8165.06
any,1995,1,LĀNA'I,Nov,7664.19
any,1995,1,LĀNA'I,Dec,7958.89
any,1995,1,KAUA'I,Jan,67185.56
any,1995,1,KAUA'I,Feb,69941.18
any,1995,1,KAUA'I,Mar,77549.57
any,1995,1,KAUA'I,Apr,65976.13
any,1995,1,KAUA'I,May,68525.61
any,1995,1,KAUA'I,Jun,82167.18
any,1995,1,KAUA'I,Jul,87866.47
any,1995,1,KAUA'I,Aug,88350.82
any,1995,1,KAUA'I,Sep,75891.98
any,1995,1,KAUA'I,Oct,85155.66
any,1995,1,KAUA'I,Nov,82884.65
any,1995,1,KAUA'I,Dec,77655.28
any,1995,1,HAWAI'I ISLAND,Jan,92042.81
any,1995,1,HAWAI'I ISLAND,Feb,91680.30
any,1995,1,HAWAI'I ISLAND,Mar,99565.29
any,1995,1,HAWAI'I ISLAND,Apr,81301.27
any,1995,1,HAWAI'I ISLAND,May,81931.23
any,1995,1,HAWAI'I ISLAND,Jun,94860.55
any,1995,1,HAWAI'I ISLAND,Jul,114977.23
any,1995,1,HAWAI'I ISLAND,Aug,89417.46
any,1995,1,HAWAI'I ISLAND,Sep,69947.90
any,1995,1,HAWAI'I ISLAND,Oct,93076.73
any,1995,1,HAWAI'I ISLAND,Nov,82860.87
any,1995,1,HAWAI'I ISLAND,Dec,89385.50
any,1995,1,HILO,Jan,31762.59
any,1995,1,HILO,Feb,30619.43
any,1995,1,HILO,Mar,33281.05
any,1995,1,HILO,Apr,28436.90
any,1995,1,HILO,May,24056.66
any,1995,1,HILO,Jun,31681.90
any,1995,1,HILO,Jul,35473.05
any,1995,1,HILO,Aug,31266.59
any,1995,1,HILO,Sep,26136.57
any,1995,1,HILO,Oct,31533.07
any,1995,1,HILO,Nov,26163.23
any,1995,1,HILO,Dec,32215.69
any,1995,1,KONA,Jan,76945.75
any,1995,1,KONA,Feb,79133.64
any,1995,1,KONA,Mar,82974.14
any,1995,1,KONA,Apr,68923.31
any,1995,1,KONA,May,70625.02
any,1995,1,KONA,Jun,80296.03
any,1995,1,KONA,Jul,97013.27
any,1995,1,KONA,Aug,74690.75
any,1995,1,KONA,Sep,57701.56
any,1995,1,KONA,Oct,77281.77
any,1995,1,KONA,Nov,71358.97
any,1995,1,KONA,Dec,73449.01
any,1996,1,O'AHU,Jan,412036.89
any,1996,1,O'AHU,Feb,424968.31
any,1996,1,O'AHU,Mar,417381.05
any,1996,1,O'AHU,Apr,365509.76
any,1996,1,O'AHU,May,387715.31
any,1996,1,O'AHU,Jun,429883.93
any,1996,1,O'AHU,Jul,447746.31
any,1996,1,O'AHU,Aug,455185.07
any,1996,1,O'AHU,Sep,391892.75
any,1996,1,O'AHU,Oct,382327.51
any,1996,1,O'AHU,Nov,372607.93
any,1996,1,O'AHU,Dec,416628.98
any,1996,1,MAUI CTY,Jan,191727.96
any,1996,1,MAUI CTY,Feb,208815.66
any,1996,1,MAUI CTY,Mar,203343.65
any,1996,1,MAUI CTY,Apr,184940.64
any,1996,1,MAUI CTY,May,179974.77
any,1996,1,MAUI CTY,Jun,193713.83
any,1996,1,MAUI CTY,Jul,237039.05
any,1996,1,MAUI CTY,Aug,215544.95
any,1996,1,MAUI CTY,Sep,170828.00
any,1996,1,MAUI CTY,Oct,171638.06
any,1996,1,MAUI CTY,Nov,179685.11
any,1996,1,MAUI CTY,Dec,181358.74
any,1996,1,MAUI,Jan,185330.71
any,1996,1,MAUI,Feb,202538.60
any,1996,1,MAUI,Mar,197882.77
any,1996,1,MAUI,Apr,180106.26
any,1996,1,MAUI,May,175470.12
any,1996,1,MAUI,Jun,189274.24
any,1996,1,MAUI,Jul,232662.05
any,1996,1,MAUI,Aug,211022.05
any,1996,1,MAUI,Sep,167483.54
any,1996,1,MAUI,Oct,167528.63
any,1996,1,MAUI,Nov,175177.14
any,1996,1,MAUI,Dec,175978.10
any,1996,1,MOLOKA'I,Jan,8874.00
any,1996,1,MOLOKA'I,Feb,7329.31
any,1996,1,MOLOKA'I,Mar,6744.63
any,1996,1,MOLOKA'I,Apr,5387.86
any,1996,1,MOLOKA'I,May,6416.85
any,1996,1,MOLOKA'I,Jun,6271.47
any,1996,1,MOLOKA'I,Jul,6351.85
any,1996,1,MOLOKA'I,Aug,5664.23
any,1996,1,MOLOKA'I,Sep,4913.81
any,1996,1,MOLOKA'I,Oct,6109.21
any,1996,1,MOLOKA'I,Nov,5558.04
any,1996,1,MOLOKA'I,Dec,7848.53
any,1996,1,LĀNA'I,Jan,9052.53
any,1996,1,LĀNA'I,Feb,9184.74
any,1996,1,LĀNA'I,Mar,7878.91
any,1996,1,LĀNA'I,Apr,7759.92
any,1996,1,LĀNA'I,May,7486.15
any,1996,1,LĀNA'I,Jun,8342.96
any,1996,1,LĀNA'I,Jul,6524.10
any,1996,1,LĀNA'I,Aug,8287.97
any,1996,1,LĀNA'I,Sep,6465.67
any,1996,1,LĀNA'I,Oct,8823.03
any,1996,1,LĀNA'I,Nov,6983.90
any,1996,1,LĀNA'I,Dec,7501.89
any,1996,1,KAUA'I,Jan,75984.79
any,1996,1,KAUA'I,Feb,73686.03
any,1996,1,KAUA'I,Mar,78704.94
any,1996,1,KAUA'I,Apr,75393.14
any,1996,1,KAUA'I,May,82837.73
any,1996,1,KAUA'I,Jun,87229.40
any,1996,1,KAUA'I,Jul,93231.12
any,1996,1,KAUA'I,Aug,87533.11
any,1996,1,KAUA'I,Sep,72230.26
any,1996,1,KAUA'I,Oct,101072.99
any,1996,1,KAUA'I,Nov,75716.82
any,1996,1,KAUA'I,Dec,71816.00
any,1996,1,HAWAI'I ISLAND,Jan,86234.99
any,1996,1,HAWAI'I ISLAND,Feb,92136.99
any,1996,1,HAWAI'I ISLAND,Mar,92972.42
any,1996,1,HAWAI'I ISLAND,Apr,76406.74
any,1996,1,HAWAI'I ISLAND,May,92845.12
any,1996,1,HAWAI'I ISLAND,Jun,115098.88
any,1996,1,HAWAI'I ISLAND,Jul,111869.76
any,1996,1,HAWAI'I ISLAND,Aug,111898.80
any,1996,1,HAWAI'I ISLAND,Sep,86244.89
any,1996,1,HAWAI'I ISLAND,Oct,99136.45
any,1996,1,HAWAI'I ISLAND,Nov,95846.58
any,1996,1,HAWAI'I ISLAND,Dec,103008.18
any,1996,1,HILO,Jan,29098.79
any,1996,1,HILO,Feb,28909.89
any,1996,1,HILO,Mar,28331.55
any,1996,1,HILO,Apr,23633.33
any,1996,1,HILO,May,36628.12
any,1996,1,HILO,Jun,30132.85
any,1996,1,HILO,Jul,40351.04
any,1996,1,HILO,Aug,36611.49
any,1996,1,HILO,Sep,31664.00
any,1996,1,HILO,Oct,30364.89
any,1996,1,HILO,Nov,27244.65
any,1996,1,HILO,Dec,32074.87
any,1996,1,KONA,Jan,71310.06
any,1996,1,KONA,Feb,79557.64
any,1996,1,KONA,Mar,79804.35
any,1996,1,KONA,Apr,65751.69
any,1996,1,KONA,May,71787.24
any,1996,1,KONA,Jun,101849.13
any,1996,1,KONA,Jul,91281.38
any,1996,1,KONA,Aug,95695.97
any,1996,1,KONA,Sep,68670.93
any,1996,1,KONA,Oct,84263.66
any,1996,1,KONA,Nov,84803.86
any,1996,1,KONA,Dec,90399.59
any,1997,1,O'AHU,Jan,381346.69
any,1997,1,O'AHU,Feb,401145.75
any,1997,1,O'AHU,Mar,433629.04
any,1997,1,O'AHU,Apr,373225.13
any,1997,1,O'AHU,May,380859.10
any,1997,1,O'AHU,Jun,414092.95
any,1997,1,O'AHU,Jul,456421.68
any,1997,1,O'AHU,Aug,450403.34
any,1997,1,O'AHU,Sep,405095.06
any,1997,1,O'AHU,Oct,386991.28
any,1997,1,O'AHU,Nov,376457.36
any,1997,1,O'AHU,Dec,415944.12
any,1997,1,MAUI CTY,Jan,185006.13
any,1997,1,MAUI CTY,Feb,191491.05
any,1997,1,MAUI CTY,Mar,220111.82
any,1997,1,MAUI CTY,Apr,196093.76
any,1997,1,MAUI CTY,May,176271.55
any,1997,1,MAUI CTY,Jun,197125.46
any,1997,1,MAUI CTY,Jul,227782.15
any,1997,1,MAUI CTY,Aug,211425.70
any,1997,1,MAUI CTY,Sep,166164.07
any,1997,1,MAUI CTY,Oct,194601.44
any,1997,1,MAUI CTY,Nov,181048.48
any,1997,1,MAUI CTY,Dec,183262.81
any,1997,1,MAUI,Jan,178782.86
any,1997,1,MAUI,Feb,185001.53
any,1997,1,MAUI,Mar,213427.00
any,1997,1,MAUI,Apr,189073.95
any,1997,1,MAUI,May,165752.85
any,1997,1,MAUI,Jun,192694.39
any,1997,1,MAUI,Jul,222216.43
any,1997,1,MAUI,Aug,207554.91
any,1997,1,MAUI,Sep,163000.79
any,1997,1,MAUI,Oct,189133.98
any,1997,1,MAUI,Nov,176785.26
any,1997,1,MAUI,Dec,177496.72
any,1997,1,MOLOKA'I,Jan,8085.55
any,1997,1,MOLOKA'I,Feb,7424.27
any,1997,1,MOLOKA'I,Mar,7615.72
any,1997,1,MOLOKA'I,Apr,7270.87
any,1997,1,MOLOKA'I,May,9162.96
any,1997,1,MOLOKA'I,Jun,6178.94
any,1997,1,MOLOKA'I,Jul,6228.37
any,1997,1,MOLOKA'I,Aug,4721.70
any,1997,1,MOLOKA'I,Sep,5706.26
any,1997,1,MOLOKA'I,Oct,5661.97
any,1997,1,MOLOKA'I,Nov,6183.21
any,1997,1,MOLOKA'I,Dec,5681.76
any,1997,1,LĀNA'I,Jan,9551.49
any,1997,1,LĀNA'I,Feb,10322.01
any,1997,1,LĀNA'I,Mar,10891.47
any,1997,1,LĀNA'I,Apr,11657.24
any,1997,1,LĀNA'I,May,9278.14
any,1997,1,LĀNA'I,Jun,8668.87
any,1997,1,LĀNA'I,Jul,8892.97
any,1997,1,LĀNA'I,Aug,6795.15
any,1997,1,LĀNA'I,Sep,6684.59
any,1997,1,LĀNA'I,Oct,9224.98
any,1997,1,LĀNA'I,Nov,6479.14
any,1997,1,LĀNA'I,Dec,7589.77
any,1997,1,KAUA'I,Jan,73168.05
any,1997,1,KAUA'I,Feb,74549.83
any,1997,1,KAUA'I,Mar,86564.74
any,1997,1,KAUA'I,Apr,97084.48
any,1997,1,KAUA'I,May,80464.64
any,1997,1,KAUA'I,Jun,88850.97
any,1997,1,KAUA'I,Jul,89629.97
any,1997,1,KAUA'I,Aug,89072.43
any,1997,1,KAUA'I,Sep,77153.54
any,1997,1,KAUA'I,Oct,82393.81
any,1997,1,KAUA'I,Nov,76687.67
any,1997,1,KAUA'I,Dec,81466.59
any,1997,1,HAWAI'I ISLAND,Jan,102236.83
any,1997,1,HAWAI'I ISLAND,Feb,110519.17
any,1997,1,HAWAI'I ISLAND,Mar,115807.40
any,1997,1,HAWAI'I ISLAND,Apr,97991.15
any,1997,1,HAWAI'I ISLAND,May,88276.96
any,1997,1,HAWAI'I ISLAND,Jun,92350.10
any,1997,1,HAWAI'I ISLAND,Jul,112017.23
any,1997,1,HAWAI'I ISLAND,Aug,120100.36
any,1997,1,HAWAI'I ISLAND,Sep,73554.02
any,1997,1,HAWAI'I ISLAND,Oct,97671.11
any,1997,1,HAWAI'I ISLAND,Nov,92452.50
any,1997,1,HAWAI'I ISLAND,Dec,102104.15
any,1997,1,HILO,Jan,29955.61
any,1997,1,HILO,Feb,32644.08
any,1997,1,HILO,Mar,38726.00
any,1997,1,HILO,Apr,33202.93
any,1997,1,HILO,May,34244.72
any,1997,1,HILO,Jun,26545.46
any,1997,1,HILO,Jul,32139.17
any,1997,1,HILO,Aug,35957.65
any,1997,1,HILO,Sep,24817.73
any,1997,1,HILO,Oct,34613.36
any,1997,1,HILO,Nov,27628.80
any,1997,1,HILO,Dec,28601.64
any,1997,1,KONA,Jan,90850.78
any,1997,1,KONA,Feb,95375.35
any,1997,1,KONA,Mar,98985.98
any,1997,1,KONA,Apr,82452.28
any,1997,1,KONA,May,71297.19
any,1997,1,KONA,Jun,80533.97
any,1997,1,KONA,Jul,96837.18
any,1997,1,KONA,Aug,101102.49
any,1997,1,KONA,Sep,61554.46
any,1997,1,KONA,Oct,78160.44
any,1997,1,KONA,Nov,80594.96
any,1997,1,KONA,Dec,87067.73
any,1998,1,O'AHU,Jan,388518.58
any,1998,1,O'AHU,Feb,382939.63
any,1998,1,O'AHU,Mar,392837.98
any,1998,1,O'AHU,Apr,361311.17
any,1998,1,O'AHU,May,356711.95
any,1998,1,O'AHU,Jun,388100.28
any,1998,1,O'AHU,Jul,439223.36
any,1998,1,O'AHU,Aug,418598.87
any,1998,1,O'AHU,Sep,371064.07
any,1998,1,O'AHU,Oct,351449.44
any,1998,1,O'AHU,Nov,355801.30
any,1998,1,O'AHU,Dec,395277.25
any,1998,1,MAUI CTY,Jan,182710.69
any,1998,1,MAUI CTY,Feb,195793.43
any,1998,1,MAUI CTY,Mar,210893.28
any,1998,1,MAUI CTY,Apr,204786.30
any,1998,1,MAUI CTY,May,184150.62
any,1998,1,MAUI CTY,Jun,195298.84
any,1998,1,MAUI CTY,Jul,208998.24
any,1998,1,MAUI CTY,Aug,204970.35
any,1998,1,MAUI CTY,Sep,165025.86
any,1998,1,MAUI CTY,Oct,186777.22
any,1998,1,MAUI CTY,Nov,175265.42
any,1998,1,MAUI CTY,Dec,189444.69
any,1998,1,MAUI,Jan,176903.74
any,1998,1,MAUI,Feb,187939.51
any,1998,1,MAUI,Mar,204206.24
any,1998,1,MAUI,Apr,200098.08
any,1998,1,MAUI,May,180249.66
any,1998,1,MAUI,Jun,191719.16
any,1998,1,MAUI,Jul,204188.20
any,1998,1,MAUI,Aug,200915.89
any,1998,1,MAUI,Sep,161407.58
any,1998,1,MAUI,Oct,182391.77
any,1998,1,MAUI,Nov,170065.31
any,1998,1,MAUI,Dec,183826.88
any,1998,1,MOLOKA'I,Jan,7085.64
any,1998,1,MOLOKA'I,Feb,7996.95
any,1998,1,MOLOKA'I,Mar,7061.16
any,1998,1,MOLOKA'I,Apr,5744.28
any,1998,1,MOLOKA'I,May,6808.59
any,1998,1,MOLOKA'I,Jun,5356.37
any,1998,1,MOLOKA'I,Jul,5740.66
any,1998,1,MOLOKA'I,Aug,5031.01
any,1998,1,MOLOKA'I,Sep,4735.29
any,1998,1,MOLOKA'I,Oct,6197.18
any,1998,1,MOLOKA'I,Nov,6323.71
any,1998,1,MOLOKA'I,Dec,7164.10
any,1998,1,LĀNA'I,Jan,8260.67
any,1998,1,LĀNA'I,Feb,9572.51
any,1998,1,LĀNA'I,Mar,10233.65
any,1998,1,LĀNA'I,Apr,7773.95
any,1998,1,LĀNA'I,May,7893.72
any,1998,1,LĀNA'I,Jun,5847.68
any,1998,1,LĀNA'I,Jul,7541.94
any,1998,1,LĀNA'I,Aug,7005.75
any,1998,1,LĀNA'I,Sep,7284.82
any,1998,1,LĀNA'I,Oct,8745.82
any,1998,1,LĀNA'I,Nov,8219.87
any,1998,1,LĀNA'I,Dec,9053.33
any,1998,1,KAUA'I,Jan,74767.86
any,1998,1,KAUA'I,Feb,82890.08
any,1998,1,KAUA'I,Mar,91661.42
any,1998,1,KAUA'I,Apr,90300.76
any,1998,1,KAUA'I,May,92272.44
any,1998,1,KAUA'I,Jun,97335.10
any,1998,1,KAUA'I,Jul,102066.02
any,1998,1,KAUA'I,Aug,95100.71
any,1998,1,KAUA'I,Sep,86650.55
any,1998,1,KAUA'I,Oct,95458.39
any,1998,1,KAUA'I,Nov,83517.43
any,1998,1,KAUA'I,Dec,86378.82
any,1998,1,HAWAI'I ISLAND,Jan,112386.62
any,1998,1,HAWAI'I ISLAND,Feb,125136.21
any,1998,1,HAWAI'I ISLAND,Mar,119166.16
any,1998,1,HAWAI'I ISLAND,Apr,104532.11
any,1998,1,HAWAI'I ISLAND,May,106871.84
any,1998,1,HAWAI'I ISLAND,Jun,107043.36
any,1998,1,HAWAI'I ISLAND,Jul,118565.99
any,1998,1,HAWAI'I ISLAND,Aug,117961.89
any,1998,1,HAWAI'I ISLAND,Sep,100660.75
any,1998,1,HAWAI'I ISLAND,Oct,108503.82
any,1998,1,HAWAI'I ISLAND,Nov,104021.53
any,1998,1,HAWAI'I ISLAND,Dec,115917.22
any,1998,1,HILO,Jan,32970.70
any,1998,1,HILO,Feb,38106.58
any,1998,1,HILO,Mar,35727.83
any,1998,1,HILO,Apr,32395.69
any,1998,1,HILO,May,35693.37
any,1998,1,HILO,Jun,33211.40
any,1998,1,HILO,Jul,35920.25
any,1998,1,HILO,Aug,31161.28
any,1998,1,HILO,Sep,30963.00
any,1998,1,HILO,Oct,35635.42
any,1998,1,HILO,Nov,34485.20
any,1998,1,HILO,Dec,37663.87
any,1998,1,KONA,Jan,96522.54
any,1998,1,KONA,Feb,107298.83
any,1998,1,KONA,Mar,100813.25
any,1998,1,KONA,Apr,88198.75
any,1998,1,KONA,May,90436.63
any,1998,1,KONA,Jun,90237.59
any,1998,1,KONA,Jul,100277.57
any,1998,1,KONA,Aug,102707.61
any,1998,1,KONA,Sep,83982.91
any,1998,1,KONA,Oct,93124.16
any,1998,1,KONA,Nov,87366.95
any,1998,1,KONA,Dec,97026.61
any,1999,1,O'AHU,Jan,355080.39
any,1999,1,O'AHU,Feb,376176.43
any,1999,1,O'AHU,Mar,392906.08
any,1999,1,O'AHU,Apr,345482.26
any,1999,1,O'AHU,May,342431.82
any,1999,1,O'AHU,Jun,392014.38
any,1999,1,O'AHU,Jul,438001.10
any,1999,1,O'AHU,Aug,427390.22
any,1999,1,O'AHU,Sep,381744.91
any,1999,1,O'AHU,Oct,377566.99
any,1999,1,O'AHU,Nov,365543.86
any,1999,1,O'AHU,Dec,365803.17
any,1999,1,MAUI CTY,Jan,186078.87
any,1999,1,MAUI CTY,Feb,204589.71
any,1999,1,MAUI CTY,Mar,217026.61
any,1999,1,MAUI CTY,Apr,193054.54
any,1999,1,MAUI CTY,May,182092.40
any,1999,1,MAUI CTY,Jun,203457.11
any,1999,1,MAUI CTY,Jul,226362.79
any,1999,1,MAUI CTY,Aug,216053.97
any,1999,1,MAUI CTY,Sep,167386.16
any,1999,1,MAUI CTY,Oct,204047.76
any,1999,1,MAUI CTY,Nov,179477.38
any,1999,1,MAUI CTY,Dec,167374.35
any,1999,1,MAUI,Jan,179873.40
any,1999,1,MAUI,Feb,195615.35
any,1999,1,MAUI,Mar,211352.52
any,1999,1,MAUI,Apr,187862.61
any,1999,1,MAUI,May,177249.04
any,1999,1,MAUI,Jun,198092.97
any,1999,1,MAUI,Jul,220481.39
any,1999,1,MAUI,Aug,211973.35
any,1999,1,MAUI,Sep,162943.81
any,1999,1,MAUI,Oct,197444.80
any,1999,1,MAUI,Nov,174380.08
any,1999,1,MAUI,Dec,161664.12
any,1999,1,MOLOKA'I,Jan,6183.83
any,1999,1,MOLOKA'I,Feb,6625.51
any,1999,1,MOLOKA'I,Mar,5579.44
any,1999,1,MOLOKA'I,Apr,5515.22
any,1999,1,MOLOKA'I,May,4939.54
any,1999,1,MOLOKA'I,Jun,6243.59
any,1999,1,MOLOKA'I,Jul,5167.04
any,1999,1,MOLOKA'I,Aug,5459.84
any,1999,1,MOLOKA'I,Sep,4961.95
any,1999,1,MOLOKA'I,Oct,7855.63
any,1999,1,MOLOKA'I,Nov,5169.54
any,1999,1,MOLOKA'I,Dec,5955.62
any,1999,1,LĀNA'I,Jan,7275.45
any,1999,1,LĀNA'I,Feb,11387.73
any,1999,1,LĀNA'I,Mar,8375.24
any,1999,1,LĀNA'I,Apr,8563.44
any,1999,1,LĀNA'I,May,6430.09
any,1999,1,LĀNA'I,Jun,7356.42
any,1999,1,LĀNA'I,Jul,8484.76
any,1999,1,LĀNA'I,Aug,6340.22
any,1999,1,LĀNA'I,Sep,6402.42
any,1999,1,LĀNA'I,Oct,10431.86
any,1999,1,LĀNA'I,Nov,6880.52
any,1999,1,LĀNA'I,Dec,6617.82
any,1999,1,KAUA'I,Jan,79862.15
any,1999,1,KAUA'I,Feb,87418.17
any,1999,1,KAUA'I,Mar,93051.89
any,1999,1,KAUA'I,Apr,88834.28
any,1999,1,KAUA'I,May,87641.56
any,1999,1,KAUA'I,Jun,91201.55
any,1999,1,KAUA'I,Jul,105538.42
any,1999,1,KAUA'I,Aug,100203.49
any,1999,1,KAUA'I,Sep,85030.60
any,1999,1,KAUA'I,Oct,107184.62
any,1999,1,KAUA'I,Nov,86075.30
any,1999,1,KAUA'I,Dec,77246.58
any,1999,1,HAWAI'I ISLAND,Jan,107398.27
any,1999,1,HAWAI'I ISLAND,Feb,109680.28
any,1999,1,HAWAI'I ISLAND,Mar,120691.46
any,1999,1,HAWAI'I ISLAND,Apr,104983.34
any,1999,1,HAWAI'I ISLAND,May,99275.23
any,1999,1,HAWAI'I ISLAND,Jun,107753.65
any,1999,1,HAWAI'I ISLAND,Jul,123917.87
any,1999,1,HAWAI'I ISLAND,Aug,109661.69
any,1999,1,HAWAI'I ISLAND,Sep,94778.24
any,1999,1,HAWAI'I ISLAND,Oct,123641.18
any,1999,1,HAWAI'I ISLAND,Nov,102176.15
any,1999,1,HAWAI'I ISLAND,Dec,103762.43
any,1999,1,HILO,Jan,33529.81
any,1999,1,HILO,Feb,34589.30
any,1999,1,HILO,Mar,41137.44
any,1999,1,HILO,Apr,36791.25
any,1999,1,HILO,May,34709.08
any,1999,1,HILO,Jun,34508.00
any,1999,1,HILO,Jul,41999.95
any,1999,1,HILO,Aug,32782.73
any,1999,1,HILO,Sep,30512.58
any,1999,1,HILO,Oct,40939.81
any,1999,1,HILO,Nov,30765.74
any,1999,1,HILO,Dec,37515.05
any,1999,1,KONA,Jan,90462.20
any,1999,1,KONA,Feb,93641.80
any,1999,1,KONA,Mar,99476.52
any,1999,1,KONA,Apr,88847.56
any,1999,1,KONA,May,81127.43
any,1999,1,KONA,Jun,88881.86
any,1999,1,KONA,Jul,101334.19
any,1999,1,KONA,Aug,91738.60
any,1999,1,KONA,Sep,79737.68
any,1999,1,KONA,Oct,107029.11
any,1999,1,KONA,Nov,88288.00
any,1999,1,KONA,Dec,82959.34
any,2000,1,O'AHU,Jan,353768.28
any,2000,1,O'AHU,Feb,391413.19
any,2000,1,O'AHU,Mar,414299.60
any,2000,1,O'AHU,Apr,374591.41
any,2000,1,O'AHU,May,374502.16
any,2000,1,O'AHU,Jun,426490.70
any,2000,1,O'AHU,Jul,444112.06
any,2000,1,O'AHU,Aug,429434.32
any,2000,1,O'AHU,Sep,371554.95
any,2000,1,O'AHU,Oct,377307.14
any,2000,1,O'AHU,Nov,361412.55
any,2000,1,O'AHU,Dec,400357.34
any,2000,1,MAUI CTY,Jan,162374.94
any,2000,1,MAUI CTY,Feb,196965.55
any,2000,1,MAUI CTY,Mar,214219.77
any,2000,1,MAUI CTY,Apr,197329.70
any,2000,1,MAUI CTY,May,185122.60
any,2000,1,MAUI CTY,Jun,209848.99
any,2000,1,MAUI CTY,Jul,215144.42
any,2000,1,MAUI CTY,Aug,206674.93
any,2000,1,MAUI CTY,Sep,174526.67
any,2000,1,MAUI CTY,Oct,187703.40
any,2000,1,MAUI CTY,Nov,174149.38
any,2000,1,MAUI CTY,Dec,180605.04
any,2000,1,MAUI,Jan,157557.07
any,2000,1,MAUI,Feb,191187.88
any,2000,1,MAUI,Mar,207606.00
any,2000,1,MAUI,Apr,193048.63
any,2000,1,MAUI,May,181380.01
any,2000,1,MAUI,Jun,205354.58
any,2000,1,MAUI,Jul,209572.60
any,2000,1,MAUI,Aug,202531.63
any,2000,1,MAUI,Sep,170679.34
any,2000,1,MAUI,Oct,182715.94
any,2000,1,MAUI,Nov,169616.25
any,2000,1,MAUI,Dec,175002.70
any,2000,1,MOLOKA'I,Jan,4893.98
any,2000,1,MOLOKA'I,Feb,5734.77
any,2000,1,MOLOKA'I,Mar,5806.08
any,2000,1,MOLOKA'I,Apr,4860.93
any,2000,1,MOLOKA'I,May,4281.75
any,2000,1,MOLOKA'I,Jun,5434.42
any,2000,1,MOLOKA'I,Jul,5440.98
any,2000,1,MOLOKA'I,Aug,4829.01
any,2000,1,MOLOKA'I,Sep,4901.99
any,2000,1,MOLOKA'I,Oct,5631.63
any,2000,1,MOLOKA'I,Nov,4782.01
any,2000,1,MOLOKA'I,Dec,7961.21
any,2000,1,LĀNA'I,Jan,5708.87
any,2000,1,LĀNA'I,Feb,7917.73
any,2000,1,LĀNA'I,Mar,7973.70
any,2000,1,LĀNA'I,Apr,7273.35
any,2000,1,LĀNA'I,May,6692.90
any,2000,1,LĀNA'I,Jun,6619.93
any,2000,1,LĀNA'I,Jul,7677.52
any,2000,1,LĀNA'I,Aug,6500.53
any,2000,1,LĀNA'I,Sep,7380.06
any,2000,1,LĀNA'I,Oct,8787.54
any,2000,1,LĀNA'I,Nov,6246.44
any,2000,1,LĀNA'I,Dec,8884.03
any,2000,1,KAUA'I,Jan,75188.21
any,2000,1,KAUA'I,Feb,85256.12
any,2000,1,KAUA'I,Mar,93611.91
any,2000,1,KAUA'I,Apr,89957.55
any,2000,1,KAUA'I,May,91159.13
any,2000,1,KAUA'I,Jun,99137.85
any,2000,1,KAUA'I,Jul,105481.17
any,2000,1,KAUA'I,Aug,97226.82
any,2000,1,KAUA'I,Sep,86041.79
any,2000,1,KAUA'I,Oct,95713.92
any,2000,1,KAUA'I,Nov,71415.06
any,2000,1,KAUA'I,Dec,84631.91
any,2000,1,HAWAI'I ISLAND,Jan,99558.49
any,2000,1,HAWAI'I ISLAND,Feb,108506.44
any,2000,1,HAWAI'I ISLAND,Mar,114242.91
any,2000,1,HAWAI'I ISLAND,Apr,106865.26
any,2000,1,HAWAI'I ISLAND,May,105090.62
any,2000,1,HAWAI'I ISLAND,Jun,110299.41
any,2000,1,HAWAI'I ISLAND,Jul,122845.21
any,2000,1,HAWAI'I ISLAND,Aug,111675.23
any,2000,1,HAWAI'I ISLAND,Sep,91533.75
any,2000,1,HAWAI'I ISLAND,Oct,103278.03
any,2000,1,HAWAI'I ISLAND,Nov,90332.88
any,2000,1,HAWAI'I ISLAND,Dec,103736.28
any,2000,1,HILO,Jan,26317.50
any,2000,1,HILO,Feb,29402.26
any,2000,1,HILO,Mar,30387.32
any,2000,1,HILO,Apr,31518.38
any,2000,1,HILO,May,33123.29
any,2000,1,HILO,Jun,33965.04
any,2000,1,HILO,Jul,36221.09
any,2000,1,HILO,Aug,34442.06
any,2000,1,HILO,Sep,26073.33
any,2000,1,HILO,Oct,30667.32
any,2000,1,HILO,Nov,23599.27
any,2000,1,HILO,Dec,34478.32
any,2000,1,KONA,Jan,85593.39
any,2000,1,KONA,Feb,95494.97
any,2000,1,KONA,Mar,100407.14
any,2000,1,KONA,Apr,93221.26
any,2000,1,KONA,May,90245.54
any,2000,1,KONA,Jun,94395.08
any,2000,1,KONA,Jul,104965.03
any,2000,1,KONA,Aug,97313.69
any,2000,1,KONA,Sep,80290.91
any,2000,1,KONA,Oct,91181.07
any,2000,1,KONA,Nov,78963.89
any,2000,1,KONA,Dec,89330.50
any,2001,1,O'AHU,Jan,381725.83
any,2001,1,O'AHU,Feb,375680.39
any,2001,1,O'AHU,Mar,407230.28
any,2001,1,O'AHU,Apr,360598.46
any,2001,1,O'AHU,May,360930.04
any,2001,1,O'AHU,Jun,408606.61
any,2001,1,O'AHU,Jul,438972.32
any,2001,1,O'AHU,Aug,441562.48
any,2001,1,O'AHU,Sep,246722.56
any,2001,1,O'AHU,Oct,262078.32
any,2001,1,O'AHU,Nov,245643.73
any,2001,1,O'AHU,Dec,327784.54
any,2001,1,MAUI CTY,Jan,184770.02
any,2001,1,MAUI CTY,Feb,182565.38
any,2001,1,MAUI CTY,Mar,206193.00
any,2001,1,MAUI CTY,Apr,194186.28
any,2001,1,MAUI CTY,May,170479.74
any,2001,1,MAUI CTY,Jun,202475.89
any,2001,1,MAUI CTY,Jul,215971.51
any,2001,1,MAUI CTY,Aug,208326.22
any,2001,1,MAUI CTY,Sep,114428.41
any,2001,1,MAUI CTY,Oct,132339.42
any,2001,1,MAUI CTY,Nov,142096.35
any,2001,1,MAUI CTY,Dec,150645.56
any,2001,1,MAUI,Jan,177131.82
any,2001,1,MAUI,Feb,177161.15
any,2001,1,MAUI,Mar,199673.85
any,2001,1,MAUI,Apr,189256.07
any,2001,1,MAUI,May,166608.12
any,2001,1,MAUI,Jun,198454.60
any,2001,1,MAUI,Jul,211563.47
any,2001,1,MAUI,Aug,204062.25
any,2001,1,MAUI,Sep,111917.39
any,2001,1,MAUI,Oct,128860.59
any,2001,1,MAUI,Nov,138402.26
any,2001,1,MAUI,Dec,145675.20
any,2001,1,MOLOKA'I,Jan,7665.02
any,2001,1,MOLOKA'I,Feb,6630.10
any,2001,1,MOLOKA'I,Mar,7149.13
any,2001,1,MOLOKA'I,Apr,5095.85
any,2001,1,MOLOKA'I,May,5079.55
any,2001,1,MOLOKA'I,Jun,4880.73
any,2001,1,MOLOKA'I,Jul,9679.41
any,2001,1,MOLOKA'I,Aug,5739.93
any,2001,1,MOLOKA'I,Sep,3336.83
any,2001,1,MOLOKA'I,Oct,5117.89
any,2001,1,MOLOKA'I,Nov,4543.46
any,2001,1,MOLOKA'I,Dec,5314.68
any,2001,1,LĀNA'I,Jan,8309.11
any,2001,1,LĀNA'I,Feb,7712.84
any,2001,1,LĀNA'I,Mar,8662.25
any,2001,1,LĀNA'I,Apr,6805.46
any,2001,1,LĀNA'I,May,6820.65
any,2001,1,LĀNA'I,Jun,6900.30
any,2001,1,LĀNA'I,Jul,7412.42
any,2001,1,LĀNA'I,Aug,6875.01
any,2001,1,LĀNA'I,Sep,4372.95
any,2001,1,LĀNA'I,Oct,7085.82
any,2001,1,LĀNA'I,Nov,6345.49
any,2001,1,LĀNA'I,Dec,7604.33
any,2001,1,KAUA'I,Jan,76883.52
any,2001,1,KAUA'I,Feb,86029.87
any,2001,1,KAUA'I,Mar,90565.46
any,2001,1,KAUA'I,Apr,80670.86
any,2001,1,KAUA'I,May,85806.00
any,2001,1,KAUA'I,Jun,103850.04
any,2001,1,KAUA'I,Jul,107647.73
any,2001,1,KAUA'I,Aug,99627.23
any,2001,1,KAUA'I,Sep,63443.75
any,2001,1,KAUA'I,Oct,75266.05
any,2001,1,KAUA'I,Nov,66892.96
any,2001,1,KAUA'I,Dec,72014.32
any,2001,1,HAWAI'I ISLAND,Jan,103866.94
any,2001,1,HAWAI'I ISLAND,Feb,103873.06
any,2001,1,HAWAI'I ISLAND,Mar,113224.43
any,2001,1,HAWAI'I ISLAND,Apr,97206.29
any,2001,1,HAWAI'I ISLAND,May,94936.02
any,2001,1,HAWAI'I ISLAND,Jun,112278.46
any,2001,1,HAWAI'I ISLAND,Jul,123326.11
any,2001,1,HAWAI'I ISLAND,Aug,117952.48
any,2001,1,HAWAI'I ISLAND,Sep,64183.85
any,2001,1,HAWAI'I ISLAND,Oct,80581.37
any,2001,1,HAWAI'I ISLAND,Nov,77570.41
any,2001,1,HAWAI'I ISLAND,Dec,92551.26
any,2001,1,HILO,Jan,31361.88
any,2001,1,HILO,Feb,32214.81
any,2001,1,HILO,Mar,36027.42
any,2001,1,HILO,Apr,30667.21
any,2001,1,HILO,May,35097.42
any,2001,1,HILO,Jun,37396.90
any,2001,1,HILO,Jul,42159.60
any,2001,1,HILO,Aug,37020.72
any,2001,1,HILO,Sep,22610.55
any,2001,1,HILO,Oct,30228.33
any,2001,1,HILO,Nov,27274.48
any,2001,1,HILO,Dec,25288.26
any,2001,1,KONA,Jan,90763.74
any,2001,1,KONA,Feb,90131.94
any,2001,1,KONA,Mar,99197.95
any,2001,1,KONA,Apr,85181.19
any,2001,1,KONA,May,83528.88
any,2001,1,KONA,Jun,97913.55
any,2001,1,KONA,Jul,104170.41
any,2001,1,KONA,Aug,101500.13
any,2001,1,KONA,Sep,56639.38
any,2001,1,KONA,Oct,71178.01
any,2001,1,KONA,Nov,67311.18
any,2001,1,KONA,Dec,80263.56
any,2002,1,O'AHU,Jan,303429.13
any,2002,1,O'AHU,Feb,332767.23
any,2002,1,O'AHU,Mar,378613.65
any,2002,1,O'AHU,Apr,316367.69
any,2002,1,O'AHU,May,352080.35
any,2002,1,O'AHU,Jun,397609.30
any,2002,1,O'AHU,Jul,403059.56
any,2002,1,O'AHU,Aug,403481.79
any,2002,1,O'AHU,Sep,318220.22
any,2002,1,O'AHU,Oct,345075.38
any,2002,1,O'AHU,Nov,331956.56
any,2002,1,O'AHU,Dec,393416.06
any,2002,1,MAUI CTY,Jan,151838.02
any,2002,1,MAUI CTY,Feb,172416.36
any,2002,1,MAUI CTY,Mar,193837.86
any,2002,1,MAUI CTY,Apr,156399.17
any,2002,1,MAUI CTY,May,166755.93
any,2002,1,MAUI CTY,Jun,200245.70
any,2002,1,MAUI CTY,Jul,219543.33
any,2002,1,MAUI CTY,Aug,212204.73
any,2002,1,MAUI CTY,Sep,152438.90
any,2002,1,MAUI CTY,Oct,170726.63
any,2002,1,MAUI CTY,Nov,164974.39
any,2002,1,MAUI CTY,Dec,178045.71
any,2002,1,MAUI,Jan,147587.81
any,2002,1,MAUI,Feb,166907.17
any,2002,1,MAUI,Mar,186446.45
any,2002,1,MAUI,Apr,151595.43
any,2002,1,MAUI,May,162739.13
any,2002,1,MAUI,Jun,196022.89
any,2002,1,MAUI,Jul,212840.47
any,2002,1,MAUI,Aug,202706.49
any,2002,1,MAUI,Sep,148159.22
any,2002,1,MAUI,Oct,165148.54
any,2002,1,MAUI,Nov,160580.65
any,2002,1,MAUI,Dec,172317.23
any,2002,1,MOLOKA'I,Jan,4357.75
any,2002,1,MOLOKA'I,Feb,5236.86
any,2002,1,MOLOKA'I,Mar,7605.18
any,2002,1,MOLOKA'I,Apr,3870.68
any,2002,1,MOLOKA'I,May,4391.27
any,2002,1,MOLOKA'I,Jun,6017.27
any,2002,1,MOLOKA'I,Jul,8304.78
any,2002,1,MOLOKA'I,Aug,8941.91
any,2002,1,MOLOKA'I,Sep,5609.54
any,2002,1,MOLOKA'I,Oct,6976.61
any,2002,1,MOLOKA'I,Nov,6204.67
any,2002,1,MOLOKA'I,Dec,7617.83
any,2002,1,LĀNA'I,Jan,5643.62
any,2002,1,LĀNA'I,Feb,6002.28
any,2002,1,LĀNA'I,Mar,6764.57
any,2002,1,LĀNA'I,Apr,6604.69
any,2002,1,LĀNA'I,May,6594.90
any,2002,1,LĀNA'I,Jun,6933.55
any,2002,1,LĀNA'I,Jul,7239.97
any,2002,1,LĀNA'I,Aug,10483.72
any,2002,1,LĀNA'I,Sep,5391.70
any,2002,1,LĀNA'I,Oct,6884.50
any,2002,1,LĀNA'I,Nov,6045.96
any,2002,1,LĀNA'I,Dec,6284.75
any,2002,1,KAUA'I,Jan,69895.66
any,2002,1,KAUA'I,Feb,77845.89
any,2002,1,KAUA'I,Mar,86338.27
any,2002,1,KAUA'I,Apr,75726.81
any,2002,1,KAUA'I,May,84723.38
any,2002,1,KAUA'I,Jun,93099.62
any,2002,1,KAUA'I,Jul,97973.74
any,2002,1,KAUA'I,Aug,96463.50
any,2002,1,KAUA'I,Sep,76460.50
any,2002,1,KAUA'I,Oct,87414.23
any,2002,1,KAUA'I,Nov,78656.66
any,2002,1,KAUA'I,Dec,81299.01
any,2002,1,HAWAI'I ISLAND,Jan,95783.91
any,2002,1,HAWAI'I ISLAND,Feb,103682.32
any,2002,1,HAWAI'I ISLAND,Mar,112417.47
any,2002,1,HAWAI'I ISLAND,Apr,94404.32
any,2002,1,HAWAI'I ISLAND,May,89003.30
any,2002,1,HAWAI'I ISLAND,Jun,111913.13
any,2002,1,HAWAI'I ISLAND,Jul,115182.57
any,2002,1,HAWAI'I ISLAND,Aug,117115.82
any,2002,1,HAWAI'I ISLAND,Sep,85904.99
any,2002,1,HAWAI'I ISLAND,Oct,110671.87
any,2002,1,HAWAI'I ISLAND,Nov,96884.90
any,2002,1,HAWAI'I ISLAND,Dec,110348.94
any,2002,1,HILO,Jan,26498.26
any,2002,1,HILO,Feb,35584.70
any,2002,1,HILO,Mar,35899.97
any,2002,1,HILO,Apr,33425.00
any,2002,1,HILO,May,32621.15
any,2002,1,HILO,Jun,39115.51
any,2002,1,HILO,Jul,41838.85
any,2002,1,HILO,Aug,40675.56
any,2002,1,HILO,Sep,35010.20
any,2002,1,HILO,Oct,45820.57
any,2002,1,HILO,Nov,38603.98
any,2002,1,HILO,Dec,43355.39
any,2002,1,KONA,Jan,83353.17
any,2002,1,KONA,Feb,85055.06
any,2002,1,KONA,Mar,96041.55
any,2002,1,KONA,Apr,79142.20
any,2002,1,KONA,May,74372.90
any,2002,1,KONA,Jun,92565.39
any,2002,1,KONA,Jul,92640.86
any,2002,1,KONA,Aug,97583.33
any,2002,1,KONA,Sep,70406.89
any,2002,1,KONA,Oct,92539.90
any,2002,1,KONA,Nov,80634.31
any,2002,1,KONA,Dec,89279.08
any,2003,1,O'AHU,Jan,344520.94
any,2003,1,O'AHU,Feb,325162.44
any,2003,1,O'AHU,Mar,337651.54
any,2003,1,O'AHU,Apr,283564.40
any,2003,1,O'AHU,May,294126.97
any,2003,1,O'AHU,Jun,344997.74
any,2003,1,O'AHU,Jul,389351.67
any,2003,1,O'AHU,Aug,396663.37
any,2003,1,O'AHU,Sep,318724.88
any,2003,1,O'AHU,Oct,337098.01
any,2003,1,O'AHU,Nov,324621.32
any,2003,1,O'AHU,Dec,393999.42
any,2003,1,MAUI CTY,Jan,175234.76
any,2003,1,MAUI CTY,Feb,176108.06
any,2003,1,MAUI CTY,Mar,197195.95
any,2003,1,MAUI CTY,Apr,183625.39
any,2003,1,MAUI CTY,May,175014.64
any,2003,1,MAUI CTY,Jun,198512.58
any,2003,1,MAUI CTY,Jul,220291.68
any,2003,1,MAUI CTY,Aug,211689.32
any,2003,1,MAUI CTY,Sep,148008.91
any,2003,1,MAUI CTY,Oct,168381.94
any,2003,1,MAUI CTY,Nov,159439.37
any,2003,1,MAUI CTY,Dec,182944.57
any,2003,1,MAUI,Jan,169293.48
any,2003,1,MAUI,Feb,170631.50
any,2003,1,MAUI,Mar,180558.75
any,2003,1,MAUI,Apr,179295.30
any,2003,1,MAUI,May,170262.36
any,2003,1,MAUI,Jun,193225.32
any,2003,1,MAUI,Jul,215353.24
any,2003,1,MAUI,Aug,205879.03
any,2003,1,MAUI,Sep,144140.87
any,2003,1,MAUI,Oct,164117.13
any,2003,1,MAUI,Nov,155592.44
any,2003,1,MAUI,Dec,177071.85
any,2003,1,MOLOKA'I,Jan,7957.88
any,2003,1,MOLOKA'I,Feb,7507.15
any,2003,1,MOLOKA'I,Mar,14308.88
any,2003,1,MOLOKA'I,Apr,6003.02
any,2003,1,MOLOKA'I,May,7341.11
any,2003,1,MOLOKA'I,Jun,7543.63
any,2003,1,MOLOKA'I,Jul,8750.56
any,2003,1,MOLOKA'I,Aug,8310.24
any,2003,1,MOLOKA'I,Sep,5642.23
any,2003,1,MOLOKA'I,Oct,6669.77
any,2003,1,MOLOKA'I,Nov,6183.28
any,2003,1,MOLOKA'I,Dec,7888.55
any,2003,1,LĀNA'I,Jan,8481.76
any,2003,1,LĀNA'I,Feb,7537.31
any,2003,1,LĀNA'I,Mar,14825.89
any,2003,1,LĀNA'I,Apr,7933.25
any,2003,1,LĀNA'I,May,6487.12
any,2003,1,LĀNA'I,Jun,8090.73
any,2003,1,LĀNA'I,Jul,6798.15
any,2003,1,LĀNA'I,Aug,7333.56
any,2003,1,LĀNA'I,Sep,5556.16
any,2003,1,LĀNA'I,Oct,6068.50
any,2003,1,LĀNA'I,Nov,5154.01
any,2003,1,LĀNA'I,Dec,7178.71
any,2003,1,KAUA'I,Jan,75128.36
any,2003,1,KAUA'I,Feb,75543.44
any,2003,1,KAUA'I,Mar,81064.82
any,2003,1,KAUA'I,Apr,76594.54
any,2003,1,KAUA'I,May,80759.37
any,2003,1,KAUA'I,Jun,89837.52
any,2003,1,KAUA'I,Jul,97409.75
any,2003,1,KAUA'I,Aug,95974.79
any,2003,1,KAUA'I,Sep,72338.68
any,2003,1,KAUA'I,Oct,81975.51
any,2003,1,KAUA'I,Nov,74040.99
any,2003,1,KAUA'I,Dec,75199.20
any,2003,1,HAWAI'I ISLAND,Jan,104029.26
any,2003,1,HAWAI'I ISLAND,Feb,100471.88
any,2003,1,HAWAI'I ISLAND,Mar,108462.37
any,2003,1,HAWAI'I ISLAND,Apr,95157.63
any,2003,1,HAWAI'I ISLAND,May,88946.15
any,2003,1,HAWAI'I ISLAND,Jun,100560.19
any,2003,1,HAWAI'I ISLAND,Jul,117885.60
any,2003,1,HAWAI'I ISLAND,Aug,115231.28
any,2003,1,HAWAI'I ISLAND,Sep,82676.52
any,2003,1,HAWAI'I ISLAND,Oct,98543.00
any,2003,1,HAWAI'I ISLAND,Nov,89752.12
any,2003,1,HAWAI'I ISLAND,Dec,105447.91
any,2003,1,HILO,Jan,37895.74
any,2003,1,HILO,Feb,38596.52
any,2003,1,HILO,Mar,43413.26
any,2003,1,HILO,Apr,37307.55
any,2003,1,HILO,May,36603.18
any,2003,1,HILO,Jun,36982.00
any,2003,1,HILO,Jul,44044.22
any,2003,1,HILO,Aug,39507.40
any,2003,1,HILO,Sep,31390.67
any,2003,1,HILO,Oct,39188.74
any,2003,1,HILO,Nov,33208.63
any,2003,1,HILO,Dec,41473.80
any,2003,1,KONA,Jan,86739.80
any,2003,1,KONA,Feb,83086.84
any,2003,1,KONA,Mar,86969.06
any,2003,1,KONA,Apr,77166.91
any,2003,1,KONA,May,70893.34
any,2003,1,KONA,Jun,80832.01
any,2003,1,KONA,Jul,95537.57
any,2003,1,KONA,Aug,93704.26
any,2003,1,KONA,Sep,65763.74
any,2003,1,KONA,Oct,79654.77
any,2003,1,KONA,Nov,73391.46
any,2003,1,KONA,Dec,83454.80
any,2004,1,O'AHU,Jan,330186.71
any,2004,1,O'AHU,Feb,351049.24
any,2004,1,O'AHU,Mar,361168.06
any,2004,1,O'AHU,Apr,334641.68
any,2004,1,O'AHU,May,348326.92
any,2004,1,O'AHU,Jun,408533.00
any,2004,1,O'AHU,Jul,442160.53
any,2004,1,O'AHU,Aug,413102.81
any,2004,1,O'AHU,Sep,353996.22
any,2004,1,O'AHU,Oct,371698.71
any,2004,1,O'AHU,Nov,345745.68
any,2004,1,O'AHU,Dec,403941.91
any,2004,1,MAUI CTY,Jan,171268.21
any,2004,1,MAUI CTY,Feb,172047.41
any,2004,1,MAUI CTY,Mar,196383.69
any,2004,1,MAUI CTY,Apr,180042.92
any,2004,1,MAUI CTY,May,179267.97
any,2004,1,MAUI CTY,Jun,189819.61
any,2004,1,MAUI CTY,Jul,230781.55
any,2004,1,MAUI CTY,Aug,210021.83
any,2004,1,MAUI CTY,Sep,156327.03
any,2004,1,MAUI CTY,Oct,178236.67
any,2004,1,MAUI CTY,Nov,161934.38
any,2004,1,MAUI CTY,Dec,181694.66
any,2004,1,MAUI,Jan,167243.30
any,2004,1,MAUI,Feb,166427.48
any,2004,1,MAUI,Mar,190993.74
any,2004,1,MAUI,Apr,176085.50
any,2004,1,MAUI,May,174958.09
any,2004,1,MAUI,Jun,185542.35
any,2004,1,MAUI,Jul,226466.44
any,2004,1,MAUI,Aug,205455.38
any,2004,1,MAUI,Sep,153099.94
any,2004,1,MAUI,Oct,174238.00
any,2004,1,MAUI,Nov,157980.28
any,2004,1,MAUI,Dec,177070.06
any,2004,1,MOLOKA'I,Jan,6142.50
any,2004,1,MOLOKA'I,Feb,7535.83
any,2004,1,MOLOKA'I,Mar,7009.62
any,2004,1,MOLOKA'I,Apr,5136.62
any,2004,1,MOLOKA'I,May,5363.57
any,2004,1,MOLOKA'I,Jun,5553.63
any,2004,1,MOLOKA'I,Jul,6855.72
any,2004,1,MOLOKA'I,Aug,5808.54
any,2004,1,MOLOKA'I,Sep,4900.28
any,2004,1,MOLOKA'I,Oct,5903.97
any,2004,1,MOLOKA'I,Nov,5322.10
any,2004,1,MOLOKA'I,Dec,6566.44
any,2004,1,LĀNA'I,Jan,5737.92
any,2004,1,LĀNA'I,Feb,6652.32
any,2004,1,LĀNA'I,Mar,7093.17
any,2004,1,LĀNA'I,Apr,6086.65
any,2004,1,LĀNA'I,May,6119.21
any,2004,1,LĀNA'I,Jun,6113.75
any,2004,1,LĀNA'I,Jul,6618.70
any,2004,1,LĀNA'I,Aug,6091.12
any,2004,1,LĀNA'I,Sep,5120.65
any,2004,1,LĀNA'I,Oct,6098.98
any,2004,1,LĀNA'I,Nov,5357.98
any,2004,1,LĀNA'I,Dec,6297.95
any,2004,1,KAUA'I,Jan,77027.16
any,2004,1,KAUA'I,Feb,82139.13
any,2004,1,KAUA'I,Mar,83131.28
any,2004,1,KAUA'I,Apr,83140.86
any,2004,1,KAUA'I,May,82779.55
any,2004,1,KAUA'I,Jun,89190.69
any,2004,1,KAUA'I,Jul,107258.62
any,2004,1,KAUA'I,Aug,94801.56
any,2004,1,KAUA'I,Sep,78872.15
any,2004,1,KAUA'I,Oct,88135.81
any,2004,1,KAUA'I,Nov,72854.21
any,2004,1,KAUA'I,Dec,81590.28
any,2004,1,HAWAI'I ISLAND,Jan,98991.29
any,2004,1,HAWAI'I ISLAND,Feb,100902.97
any,2004,1,HAWAI'I ISLAND,Mar,109045.27
any,2004,1,HAWAI'I ISLAND,Apr,102335.30
any,2004,1,HAWAI'I ISLAND,May,93324.55
any,2004,1,HAWAI'I ISLAND,Jun,110229.89
any,2004,1,HAWAI'I ISLAND,Jul,126249.62
any,2004,1,HAWAI'I ISLAND,Aug,118235.61
any,2004,1,HAWAI'I ISLAND,Sep,90620.44
any,2004,1,HAWAI'I ISLAND,Oct,110843.25
any,2004,1,HAWAI'I ISLAND,Nov,101902.07
any,2004,1,HAWAI'I ISLAND,Dec,118476.24
any,2004,1,HILO,Jan,36858.39
any,2004,1,HILO,Feb,37155.14
any,2004,1,HILO,Mar,38245.50
any,2004,1,HILO,Apr,38070.89
any,2004,1,HILO,May,34577.45
any,2004,1,HILO,Jun,38985.04
any,2004,1,HILO,Jul,47479.22
any,2004,1,HILO,Aug,44170.51
any,2004,1,HILO,Sep,37347.77
any,2004,1,HILO,Oct,43928.71
any,2004,1,HILO,Nov,41169.92
any,2004,1,HILO,Dec,43918.24
any,2004,1,KONA,Jan,81528.96
any,2004,1,KONA,Feb,83222.30
any,2004,1,KONA,Mar,89758.59
any,2004,1,KONA,Apr,85377.37
any,2004,1,KONA,May,77660.54
any,2004,1,KONA,Jun,90354.67
any,2004,1,KONA,Jul,106513.71
any,2004,1,KONA,Aug,99400.86
any,2004,1,KONA,Sep,76081.23
any,2004,1,KONA,Oct,95504.14
any,2004,1,KONA,Nov,87099.61
any,2004,1,KONA,Dec,100430.93
any,2005,1,O'AHU,Jan,369426.04
any,2005,1,O'AHU,Feb,363257.45
any,2005,1,O'AHU,Mar,413349.51
any,2005,1,O'AHU,Apr,338906.65
any,2005,1,O'AHU,May,363071.27
any,2005,1,O'AHU,Jun,432179.54
any,2005,1,O'AHU,Jul,474094.54
any,2005,1,O'AHU,Aug,448990.82
any,2005,1,O'AHU,Sep,370166.75
any,2005,1,O'AHU,Oct,379506.78
any,2005,1,O'AHU,Nov,357899.06
any,2005,1,O'AHU,Dec,420994.47
any,2005,1,MAUI CTY,Jan,178560.77
any,2005,1,MAUI CTY,Feb,183393.54
any,2005,1,MAUI CTY,Mar,217758.71
any,2005,1,MAUI CTY,Apr,176654.70
any,2005,1,MAUI CTY,May,181130.04
any,2005,1,MAUI CTY,Jun,203298.88
any,2005,1,MAUI CTY,Jul,239858.92
any,2005,1,MAUI CTY,Aug,223308.59
any,2005,1,MAUI CTY,Sep,170672.76
any,2005,1,MAUI CTY,Oct,197364.92
any,2005,1,MAUI CTY,Nov,179165.27
any,2005,1,MAUI CTY,Dec,195312.81
any,2005,1,MAUI,Jan,174294.26
any,2005,1,MAUI,Feb,179351.41
any,2005,1,MAUI,Mar,213011.33
any,2005,1,MAUI,Apr,172293.34
any,2005,1,MAUI,May,176796.48
any,2005,1,MAUI,Jun,197892.27
any,2005,1,MAUI,Jul,235392.74
any,2005,1,MAUI,Aug,220073.66
any,2005,1,MAUI,Sep,167511.21
any,2005,1,MAUI,Oct,193666.40
any,2005,1,MAUI,Nov,175421.13
any,2005,1,MAUI,Dec,188993.05
any,2005,1,MOLOKA'I,Jan,6370.31
any,2005,1,MOLOKA'I,Feb,5754.19
any,2005,1,MOLOKA'I,Mar,6284.50
any,2005,1,MOLOKA'I,Apr,6245.90
any,2005,1,MOLOKA'I,May,6363.52
any,2005,1,MOLOKA'I,Jun,6331.02
any,2005,1,MOLOKA'I,Jul,6380.27
any,2005,1,MOLOKA'I,Aug,5706.03
any,2005,1,MOLOKA'I,Sep,4741.83
any,2005,1,MOLOKA'I,Oct,5889.17
any,2005,1,MOLOKA'I,Nov,5589.97
any,2005,1,MOLOKA'I,Dec,7849.56
any,2005,1,LĀNA'I,Jan,5704.88
any,2005,1,LĀNA'I,Feb,5969.73
any,2005,1,LĀNA'I,Mar,6484.58
any,2005,1,LĀNA'I,Apr,6098.94
any,2005,1,LĀNA'I,May,5736.50
any,2005,1,LĀNA'I,Jun,7009.98
any,2005,1,LĀNA'I,Jul,7319.17
any,2005,1,LĀNA'I,Aug,6232.34
any,2005,1,LĀNA'I,Sep,5172.68
any,2005,1,LĀNA'I,Oct,6013.94
any,2005,1,LĀNA'I,Nov,5638.64
any,2005,1,LĀNA'I,Dec,5910.74
any,2005,1,KAUA'I,Jan,80163.48
any,2005,1,KAUA'I,Feb,81677.84
any,2005,1,KAUA'I,Mar,90945.40
any,2005,1,KAUA'I,Apr,82238.45
any,2005,1,KAUA'I,May,83263.00
any,2005,1,KAUA'I,Jun,98102.45
any,2005,1,KAUA'I,Jul,110955.78
any,2005,1,KAUA'I,Aug,102233.57
any,2005,1,KAUA'I,Sep,89067.63
any,2005,1,KAUA'I,Oct,96470.50
any,2005,1,KAUA'I,Nov,81131.60
any,2005,1,KAUA'I,Dec,93897.71
any,2005,1,HAWAI'I ISLAND,Jan,125331.09
any,2005,1,HAWAI'I ISLAND,Feb,120556.43
any,2005,1,HAWAI'I ISLAND,Mar,133850.03
any,2005,1,HAWAI'I ISLAND,Apr,107250.67
any,2005,1,HAWAI'I ISLAND,May,113041.64
any,2005,1,HAWAI'I ISLAND,Jun,130085.45
any,2005,1,HAWAI'I ISLAND,Jul,154732.34
any,2005,1,HAWAI'I ISLAND,Aug,137817.62
any,2005,1,HAWAI'I ISLAND,Sep,110263.48
any,2005,1,HAWAI'I ISLAND,Oct,127467.68
any,2005,1,HAWAI'I ISLAND,Nov,118823.44
any,2005,1,HAWAI'I ISLAND,Dec,142317.01
any,2005,1,HILO,Jan,48157.91
any,2005,1,HILO,Feb,45695.10
any,2005,1,HILO,Mar,48538.69
any,2005,1,HILO,Apr,42384.19
any,2005,1,HILO,May,44515.65
any,2005,1,HILO,Jun,47720.96
any,2005,1,HILO,Jul,58721.64
any,2005,1,HILO,Aug,54351.80
any,2005,1,HILO,Sep,47762.92
any,2005,1,HILO,Oct,53198.27
any,2005,1,HILO,Nov,45175.05
any,2005,1,HILO,Dec,56845.02
any,2005,1,KONA,Jan,104109.24
any,2005,1,KONA,Feb,99089.62
any,2005,1,KONA,Mar,113129.56
any,2005,1,KONA,Apr,90360.77
any,2005,1,KONA,May,95830.31
any,2005,1,KONA,Jun,110576.30
any,2005,1,KONA,Jul,131738.66
any,2005,1,KONA,Aug,116971.33
any,2005,1,KONA,Sep,90491.35
any,2005,1,KONA,Oct,109396.16
any,2005,1,KONA,Nov,101172.64
any,2005,1,KONA,Dec,122381.88
any,2006,1,O'AHU,Jan,375190.76
any,2006,1,O'AHU,Feb,361303.52
any,2006,1,O'AHU,Mar,398385.16
any,2006,1,O'AHU,Apr,358536.86
any,2006,1,O'AHU,May,359084.37
any,2006,1,O'AHU,Jun,419853.19
any,2006,1,O'AHU,Jul,455733.58
any,2006,1,O'AHU,Aug,434782.96
any,2006,1,O'AHU,Sep,359345.20
any,2006,1,O'AHU,Oct,367584.01
any,2006,1,O'AHU,Nov,371446.61
any,2006,1,O'AHU,Dec,426870.78
any,2006,1,MAUI CTY,Jan,199755.29
any,2006,1,MAUI CTY,Feb,194614.83
any,2006,1,MAUI CTY,Mar,211750.27
any,2006,1,MAUI CTY,Apr,196953.95
any,2006,1,MAUI CTY,May,184997.06
any,2006,1,MAUI CTY,Jun,243092.43
any,2006,1,MAUI CTY,Jul,249862.46
any,2006,1,MAUI CTY,Aug,226174.60
any,2006,1,MAUI CTY,Sep,183647.35
any,2006,1,MAUI CTY,Oct,200618.65
any,2006,1,MAUI CTY,Nov,186350.36
any,2006,1,MAUI CTY,Dec,220416.58
any,2006,1,MAUI,Jan,193565.46
any,2006,1,MAUI,Feb,189720.24
any,2006,1,MAUI,Mar,207417.08
any,2006,1,MAUI,Apr,193021.40
any,2006,1,MAUI,May,181261.96
any,2006,1,MAUI,Jun,238961.59
any,2006,1,MAUI,Jul,245123.13
any,2006,1,MAUI,Aug,221774.88
any,2006,1,MAUI,Sep,180535.53
any,2006,1,MAUI,Oct,197376.66
any,2006,1,MAUI,Nov,182315.41
any,2006,1,MAUI,Dec,215516.83
any,2006,1,MOLOKA'I,Jan,8531.11
any,2006,1,MOLOKA'I,Feb,7285.27
any,2006,1,MOLOKA'I,Mar,5880.08
any,2006,1,MOLOKA'I,Apr,7057.69
any,2006,1,MOLOKA'I,May,5298.30
any,2006,1,MOLOKA'I,Jun,6555.90
any,2006,1,MOLOKA'I,Jul,7668.01
any,2006,1,MOLOKA'I,Aug,6241.52
any,2006,1,MOLOKA'I,Sep,5198.95
any,2006,1,MOLOKA'I,Oct,13003.91
any,2006,1,MOLOKA'I,Nov,5580.80
any,2006,1,MOLOKA'I,Dec,8033.93
any,2006,1,LĀNA'I,Jan,7022.51
any,2006,1,LĀNA'I,Feb,7315.77
any,2006,1,LĀNA'I,Mar,7127.79
any,2006,1,LĀNA'I,Apr,6322.58
any,2006,1,LĀNA'I,May,5425.34
any,2006,1,LĀNA'I,Jun,7652.37
any,2006,1,LĀNA'I,Jul,9107.90
any,2006,1,LĀNA'I,Aug,7840.39
any,2006,1,LĀNA'I,Sep,6174.45
any,2006,1,LĀNA'I,Oct,14243.60
any,2006,1,LĀNA'I,Nov,6606.57
any,2006,1,LĀNA'I,Dec,9429.58
any,2006,1,KAUA'I,Jan,92798.89
any,2006,1,KAUA'I,Feb,87326.43
any,2006,1,KAUA'I,Mar,97119.82
any,2006,1,KAUA'I,Apr,89586.17
any,2006,1,KAUA'I,May,83846.87
any,2006,1,KAUA'I,Jun,114494.65
any,2006,1,KAUA'I,Jul,124742.10
any,2006,1,KAUA'I,Aug,110954.18
any,2006,1,KAUA'I,Sep,95728.95
any,2006,1,KAUA'I,Oct,105799.97
any,2006,1,KAUA'I,Nov,93325.77
any,2006,1,KAUA'I,Dec,108408.33
any,2006,1,HAWAI'I ISLAND,Jan,134401.20
any,2006,1,HAWAI'I ISLAND,Feb,131388.46
any,2006,1,HAWAI'I ISLAND,Mar,132299.14
any,2006,1,HAWAI'I ISLAND,Apr,120011.93
any,2006,1,HAWAI'I ISLAND,May,107668.38
any,2006,1,HAWAI'I ISLAND,Jun,147401.50
any,2006,1,HAWAI'I ISLAND,Jul,162374.63
any,2006,1,HAWAI'I ISLAND,Aug,148176.45
any,2006,1,HAWAI'I ISLAND,Sep,125477.16
any,2006,1,HAWAI'I ISLAND,Oct,135472.02
any,2006,1,HAWAI'I ISLAND,Nov,122150.40
any,2006,1,HAWAI'I ISLAND,Dec,147586.74
any,2006,1,HILO,Jan,57427.84
any,2006,1,HILO,Feb,51559.63
any,2006,1,HILO,Mar,51517.89
any,2006,1,HILO,Apr,44932.21
any,2006,1,HILO,May,39673.73
any,2006,1,HILO,Jun,63186.48
any,2006,1,HILO,Jul,68399.70
any,2006,1,HILO,Aug,60952.04
any,2006,1,HILO,Sep,57229.63
any,2006,1,HILO,Oct,64572.89
any,2006,1,HILO,Nov,53112.68
any,2006,1,HILO,Dec,65427.76
any,2006,1,KONA,Jan,114648.93
any,2006,1,KONA,Feb,109854.25
any,2006,1,KONA,Mar,112072.85
any,2006,1,KONA,Apr,101867.20
any,2006,1,KONA,May,90611.44
any,2006,1,KONA,Jun,123082.73
any,2006,1,KONA,Jul,136852.13
any,2006,1,KONA,Aug,123631.39
any,2006,1,KONA,Sep,105352.87
any,2006,1,KONA,Oct,115432.38
any,2006,1,KONA,Nov,101810.83
any,2006,1,KONA,Dec,123709.14
any,2007,1,O'AHU,Jan,359735.52
any,2007,1,O'AHU,Feb,355168.83
any,2007,1,O'AHU,Mar,407398.45
any,2007,1,O'AHU,Apr,367399.70
any,2007,1,O'AHU,May,368863.90
any,2007,1,O'AHU,Jun,420352.37
any,2007,1,O'AHU,Jul,444428.07
any,2007,1,O'AHU,Aug,462592.09
any,2007,1,O'AHU,Sep,370882.79
any,2007,1,O'AHU,Oct,361004.37
any,2007,1,O'AHU,Nov,362248.07
any,2007,1,O'AHU,Dec,414675.72
any,2007,1,MAUI CTY,Jan,195264.61
any,2007,1,MAUI CTY,Feb,196700.12
any,2007,1,MAUI CTY,Mar,227232.52
any,2007,1,MAUI CTY,Apr,202215.77
any,2007,1,MAUI CTY,May,198130.15
any,2007,1,MAUI CTY,Jun,241790.41
any,2007,1,MAUI CTY,Jul,247535.24
any,2007,1,MAUI CTY,Aug,237113.28
any,2007,1,MAUI CTY,Sep,186111.35
any,2007,1,MAUI CTY,Oct,190684.62
any,2007,1,MAUI CTY,Nov,184472.90
any,2007,1,MAUI CTY,Dec,214791.75
any,2007,1,MAUI,Jan,189904.04
any,2007,1,MAUI,Feb,192169.54
any,2007,1,MAUI,Mar,222480.93
any,2007,1,MAUI,Apr,197468.36
any,2007,1,MAUI,May,193781.09
any,2007,1,MAUI,Jun,236891.11
any,2007,1,MAUI,Jul,242331.23
any,2007,1,MAUI,Aug,231948.46
any,2007,1,MAUI,Sep,182129.46
any,2007,1,MAUI,Oct,186149.87
any,2007,1,MAUI,Nov,179741.34
any,2007,1,MAUI,Dec,208598.86
any,2007,1,MOLOKA'I,Jan,6524.26
any,2007,1,MOLOKA'I,Feb,6281.87
any,2007,1,MOLOKA'I,Mar,7532.00
any,2007,1,MOLOKA'I,Apr,6077.32
any,2007,1,MOLOKA'I,May,5974.36
any,2007,1,MOLOKA'I,Jun,6524.68
any,2007,1,MOLOKA'I,Jul,7470.77
any,2007,1,MOLOKA'I,Aug,8275.52
any,2007,1,MOLOKA'I,Sep,6034.67
any,2007,1,MOLOKA'I,Oct,7292.03
any,2007,1,MOLOKA'I,Nov,6271.83
any,2007,1,MOLOKA'I,Dec,8904.26
any,2007,1,LĀNA'I,Jan,8542.40
any,2007,1,LĀNA'I,Feb,8038.03
any,2007,1,LĀNA'I,Mar,8435.68
any,2007,1,LĀNA'I,Apr,7969.60
any,2007,1,LĀNA'I,May,7231.65
any,2007,1,LĀNA'I,Jun,9595.33
any,2007,1,LĀNA'I,Jul,8298.28
any,2007,1,LĀNA'I,Aug,8684.16
any,2007,1,LĀNA'I,Sep,7057.32
any,2007,1,LĀNA'I,Oct,9103.43
any,2007,1,LĀNA'I,Nov,7806.67
any,2007,1,LĀNA'I,Dec,9587.53
any,2007,1,KAUA'I,Jan,98624.03
any,2007,1,KAUA'I,Feb,93491.13
any,2007,1,KAUA'I,Mar,112049.46
any,2007,1,KAUA'I,Apr,103346.50
any,2007,1,KAUA'I,May,106490.25
any,2007,1,KAUA'I,Jun,124637.41
any,2007,1,KAUA'I,Jul,129383.49
any,2007,1,KAUA'I,Aug,123184.94
any,2007,1,KAUA'I,Sep,99718.84
any,2007,1,KAUA'I,Oct,101321.69
any,2007,1,KAUA'I,Nov,93885.14
any,2007,1,KAUA'I,Dec,112912.06
any,2007,1,HAWAI'I ISLAND,Jan,134865.11
any,2007,1,HAWAI'I ISLAND,Feb,131441.53
any,2007,1,HAWAI'I ISLAND,Mar,153422.57
any,2007,1,HAWAI'I ISLAND,Apr,129772.31
any,2007,1,HAWAI'I ISLAND,May,118484.80
any,2007,1,HAWAI'I ISLAND,Jun,148340.65
any,2007,1,HAWAI'I ISLAND,Jul,154011.99
any,2007,1,HAWAI'I ISLAND,Aug,155515.08
any,2007,1,HAWAI'I ISLAND,Sep,115044.74
any,2007,1,HAWAI'I ISLAND,Oct,119994.68
any,2007,1,HAWAI'I ISLAND,Nov,116888.25
any,2007,1,HAWAI'I ISLAND,Dec,144577.02
any,2007,1,HILO,Jan,60741.64
any,2007,1,HILO,Feb,58218.23
any,2007,1,HILO,Mar,64416.65
any,2007,1,HILO,Apr,59364.43
any,2007,1,HILO,May,56518.31
any,2007,1,HILO,Jun,67710.45
any,2007,1,HILO,Jul,67889.09
any,2007,1,HILO,Aug,68555.95
any,2007,1,HILO,Sep,54783.52
any,2007,1,HILO,Oct,53779.40
any,2007,1,HILO,Nov,50020.73
any,2007,1,HILO,Dec,64893.72
any,2007,1,KONA,Jan,111514.41
any,2007,1,KONA,Feb,109444.63
any,2007,1,KONA,Mar,130816.26
any,2007,1,KONA,Apr,107939.27
any,2007,1,KONA,May,96920.69
any,2007,1,KONA,Jun,123367.09
any,2007,1,KONA,Jul,128674.56
any,2007,1,KONA,Aug,130052.52
any,2007,1,KONA,Sep,95325.68
any,2007,1,KONA,Oct,99655.90
any,2007,1,KONA,Nov,97402.01
any,2007,1,KONA,Dec,119288.31
any,2008,1,O'AHU,Jan,362746.00
any,2008,1,O'AHU,Feb,364374.00
any,2008,1,O'AHU,Mar,394135.00
any,2008,1,O'AHU,Apr,329043.00
any,2008,1,O'AHU,May,349619.00
any,2008,1,O'AHU,Jun,362440.00
any,2008,1,O'AHU,Jul,391587.00
any,2008,1,O'AHU,Aug,379127.00
any,2008,1,O'AHU,Sep,294147.00
any,2008,1,O'AHU,Oct,316134.00
any,2008,1,O'AHU,Nov,305206.00
any,2008,1,O'AHU,Dec,345129.00
any,2008,1,MAUI CTY,Jan,194482.00
any,2008,1,MAUI CTY,Feb,195941.00
any,2008,1,MAUI CTY,Mar,216019.00
any,2008,1,MAUI CTY,Apr,174059.00
any,2008,1,MAUI CTY,May,172325.00
any,2008,1,MAUI CTY,Jun,188555.00
any,2008,1,MAUI CTY,Jul,192590.00
any,2008,1,MAUI CTY,Aug,186656.00
any,2008,1,MAUI CTY,Sep,136260.00
any,2008,1,MAUI CTY,Oct,153451.00
any,2008,1,MAUI CTY,Nov,146964.00
any,2008,1,MAUI CTY,Dec,171740.00
any,2008,1,MAUI,Jan,189575.00
any,2008,1,MAUI,Feb,190756.00
any,2008,1,MAUI,Mar,211003.00
any,2008,1,MAUI,Apr,169929.00
any,2008,1,MAUI,May,167831.00
any,2008,1,MAUI,Jun,184407.00
any,2008,1,MAUI,Jul,188514.00
any,2008,1,MAUI,Aug,181179.00
any,2008,1,MAUI,Sep,132593.00
any,2008,1,MAUI,Oct,148861.00
any,2008,1,MAUI,Nov,143736.00
any,2008,1,MAUI,Dec,167417.00
any,2008,1,MOLOKA'I,Jan,7425.00
any,2008,1,MOLOKA'I,Feb,7503.00
any,2008,1,MOLOKA'I,Mar,6914.00
any,2008,1,MOLOKA'I,Apr,5427.00
any,2008,1,MOLOKA'I,May,6006.00
any,2008,1,MOLOKA'I,Jun,6042.00
any,2008,1,MOLOKA'I,Jul,5128.00
any,2008,1,MOLOKA'I,Aug,6542.00
any,2008,1,MOLOKA'I,Sep,4569.00
any,2008,1,MOLOKA'I,Oct,5141.00
any,2008,1,MOLOKA'I,Nov,3776.00
any,2008,1,MOLOKA'I,Dec,4409.00
any,2008,1,LĀNA'I,Jan,8262.00
any,2008,1,LĀNA'I,Feb,8513.00
any,2008,1,LĀNA'I,Mar,8379.00
any,2008,1,LĀNA'I,Apr,6280.00
any,2008,1,LĀNA'I,May,6976.00
any,2008,1,LĀNA'I,Jun,7217.00
any,2008,1,LĀNA'I,Jul,6011.00
any,2008,1,LĀNA'I,Aug,6319.00
any,2008,1,LĀNA'I,Sep,5537.00
any,2008,1,LĀNA'I,Oct,6313.00
any,2008,1,LĀNA'I,Nov,5170.00
any,2008,1,LĀNA'I,Dec,5891.00
any,2008,1,KAUA'I,Jan,94664.00
any,2008,1,KAUA'I,Feb,90236.00
any,2008,1,KAUA'I,Mar,98679.00
any,2008,1,KAUA'I,Apr,83227.00
any,2008,1,KAUA'I,May,87584.00
any,2008,1,KAUA'I,Jun,96018.00
any,2008,1,KAUA'I,Jul,100029.00
any,2008,1,KAUA'I,Aug,91451.00
any,2008,1,KAUA'I,Sep,70419.00
any,2008,1,KAUA'I,Oct,74985.00
any,2008,1,KAUA'I,Nov,67871.00
any,2008,1,KAUA'I,Dec,75485.00
any,2008,1,HAWAI'I ISLAND,Jan,137445.00
any,2008,1,HAWAI'I ISLAND,Feb,124385.00
any,2008,1,HAWAI'I ISLAND,Mar,133389.00
any,2008,1,HAWAI'I ISLAND,Apr,104211.00
any,2008,1,HAWAI'I ISLAND,May,100951.00
any,2008,1,HAWAI'I ISLAND,Jun,111764.00
any,2008,1,HAWAI'I ISLAND,Jul,115432.00
any,2008,1,HAWAI'I ISLAND,Aug,118467.00
any,2008,1,HAWAI'I ISLAND,Sep,78608.00
any,2008,1,HAWAI'I ISLAND,Oct,97220.00
any,2008,1,HAWAI'I ISLAND,Nov,93414.00
any,2008,1,HAWAI'I ISLAND,Dec,105988.00
any,2008,1,HILO,Jan,57148.00
any,2008,1,HILO,Feb,46471.00
any,2008,1,HILO,Mar,52102.00
any,2008,1,HILO,Apr,40474.00
any,2008,1,HILO,May,40605.00
any,2008,1,HILO,Jun,40230.00
any,2008,1,HILO,Jul,43875.00
any,2008,1,HILO,Aug,42210.00
any,2008,1,HILO,Sep,30858.00
any,2008,1,HILO,Oct,35647.00
any,2008,1,HILO,Nov,34061.00
any,2008,1,HILO,Dec,39768.00
any,2008,1,KONA,Jan,115590.00
any,2008,1,KONA,Feb,105466.00
any,2008,1,KONA,Mar,109250.00
any,2008,1,KONA,Apr,86686.00
any,2008,1,KONA,May,82546.00
any,2008,1,KONA,Jun,94233.00
any,2008,1,KONA,Jul,95659.00
any,2008,1,KONA,Aug,98970.00
any,2008,1,KONA,Sep,64477.00
any,2008,1,KONA,Oct,82110.00
any,2008,1,KONA,Nov,78928.00
any,2008,1,KONA,Dec,86641.00
any,2009,1,O'AHU,Jan,318134.25
any,2009,1,O'AHU,Feb,314424.83
any,2009,1,O'AHU,Mar,326149.14
any,2009,1,O'AHU,Apr,329652.36
any,2009,1,O'AHU,May,325687.77
any,2009,1,O'AHU,Jun,329898.65
any,2009,1,O'AHU,Jul,388762.80
any,2009,1,O'AHU,Aug,385429.14
any,2009,1,O'AHU,Sep,327705.25
any,2009,1,O'AHU,Oct,316157.79
any,2009,1,O'AHU,Nov,302191.34
any,2009,1,O'AHU,Dec,360695.01
any,2009,1,MAUI CTY,Jan,158992.33
any,2009,1,MAUI CTY,Feb,155773.31
any,2009,1,MAUI CTY,Mar,162328.84
any,2009,1,MAUI CTY,Apr,159587.93
any,2009,1,MAUI CTY,May,148624.80
any,2009,1,MAUI CTY,Jun,179406.54
any,2009,1,MAUI CTY,Jul,193016.74
any,2009,1,MAUI CTY,Aug,180027.03
any,2009,1,MAUI CTY,Sep,137880.90
any,2009,1,MAUI CTY,Oct,145918.00
any,2009,1,MAUI CTY,Nov,141470.13
any,2009,1,MAUI CTY,Dec,169330.59
any,2009,1,MAUI,Jan,155296.56
any,2009,1,MAUI,Feb,152294.09
any,2009,1,MAUI,Mar,158711.24
any,2009,1,MAUI,Apr,156414.92
any,2009,1,MAUI,May,145398.80
any,2009,1,MAUI,Jun,176357.67
any,2009,1,MAUI,Jul,189646.29
any,2009,1,MAUI,Aug,176690.42
any,2009,1,MAUI,Sep,134833.23
any,2009,1,MAUI,Oct,142786.09
any,2009,1,MAUI,Nov,138509.23
any,2009,1,MAUI,Dec,165457.85
any,2009,1,MOLOKA'I,Jan,4959.52
any,2009,1,MOLOKA'I,Feb,4213.35
any,2009,1,MOLOKA'I,Mar,4213.16
any,2009,1,MOLOKA'I,Apr,4089.19
any,2009,1,MOLOKA'I,May,3693.68
any,2009,1,MOLOKA'I,Jun,3584.00
any,2009,1,MOLOKA'I,Jul,4636.21
any,2009,1,MOLOKA'I,Aug,3630.09
any,2009,1,MOLOKA'I,Sep,3537.68
any,2009,1,MOLOKA'I,Oct,3679.45
any,2009,1,MOLOKA'I,Nov,3570.67
any,2009,1,MOLOKA'I,Dec,4531.67
any,2009,1,LĀNA'I,Jan,5303.61
any,2009,1,LĀNA'I,Feb,5053.07
any,2009,1,LĀNA'I,Mar,5498.02
any,2009,1,LĀNA'I,Apr,5148.46
any,2009,1,LĀNA'I,May,5023.76
any,2009,1,LĀNA'I,Jun,5413.43
any,2009,1,LĀNA'I,Jul,5485.89
any,2009,1,LĀNA'I,Aug,5071.77
any,2009,1,LĀNA'I,Sep,4718.83
any,2009,1,LĀNA'I,Oct,4301.05
any,2009,1,LĀNA'I,Nov,4296.23
any,2009,1,LĀNA'I,Dec,5739.90
any,2009,1,KAUA'I,Jan,70860.30
any,2009,1,KAUA'I,Feb,71532.00
any,2009,1,KAUA'I,Mar,73010.72
any,2009,1,KAUA'I,Apr,76053.55
any,2009,1,KAUA'I,May,81848.50
any,2009,1,KAUA'I,Jun,87719.11
any,2009,1,KAUA'I,Jul,95422.17
any,2009,1,KAUA'I,Aug,86317.12
any,2009,1,KAUA'I,Sep,71500.86
any,2009,1,KAUA'I,Oct,73191.80
any,2009,1,KAUA'I,Nov,62768.57
any,2009,1,KAUA'I,Dec,77887.43
any,2009,1,HAWAI'I ISLAND,Jan,101898.23
any,2009,1,HAWAI'I ISLAND,Feb,103047.92
any,2009,1,HAWAI'I ISLAND,Mar,106030.55
any,2009,1,HAWAI'I ISLAND,Apr,106778.68
any,2009,1,HAWAI'I ISLAND,May,90979.73
any,2009,1,HAWAI'I ISLAND,Jun,106731.89
any,2009,1,HAWAI'I ISLAND,Jul,118502.08
any,2009,1,HAWAI'I ISLAND,Aug,108078.55
any,2009,1,HAWAI'I ISLAND,Sep,84792.88
any,2009,1,HAWAI'I ISLAND,Oct,91767.98
any,2009,1,HAWAI'I ISLAND,Nov,87234.99
any,2009,1,HAWAI'I ISLAND,Dec,109412.63
any,2009,1,HILO,Jan,36946.61
any,2009,1,HILO,Feb,33597.40
any,2009,1,HILO,Mar,38169.90
any,2009,1,HILO,Apr,40780.16
any,2009,1,HILO,May,36035.76
any,2009,1,HILO,Jun,39768.74
any,2009,1,HILO,Jul,44405.34
any,2009,1,HILO,Aug,38993.33
any,2009,1,HILO,Sep,34027.26
any,2009,1,HILO,Oct,34293.83
any,2009,1,HILO,Nov,31969.09
any,2009,1,HILO,Dec,41979.18
any,2009,1,KONA,Jan,84299.53
any,2009,1,KONA,Feb,86974.37
any,2009,1,KONA,Mar,87555.31
any,2009,1,KONA,Apr,89888.08
any,2009,1,KONA,May,74242.69
any,2009,1,KONA,Jun,88308.25
any,2009,1,KONA,Jul,98913.32
any,2009,1,KONA,Aug,90762.85
any,2009,1,KONA,Sep,69598.76
any,2009,1,KONA,Oct,75730.46
any,2009,1,KONA,Nov,71143.69
any,2009,1,KONA,Dec,90263.18
any,2010,1,O'AHU,Jan,318332.37
any,2010,1,O'AHU,Feb,311715.34
any,2010,1,O'AHU,Mar,357944.51
any,2010,1,O'AHU,Apr,325933.86
any,2010,1,O'AHU,May,343218.22
any,2010,1,O'AHU,Jun,390284.27
any,2010,1,O'AHU,Jul,422471.29
any,2010,1,O'AHU,Aug,432162.03
any,2010,1,O'AHU,Sep,345324.04
any,2010,1,O'AHU,Oct,348921.69
any,2010,1,O'AHU,Nov,342866.95
any,2010,1,O'AHU,Dec,389674.63
any,2010,1,MAUI CTY,Jan,162436.02
any,2010,1,MAUI CTY,Feb,166300.98
any,2010,1,MAUI CTY,Mar,185185.86
any,2010,1,MAUI CTY,Apr,165937.48
any,2010,1,MAUI CTY,May,164604.66
any,2010,1,MAUI CTY,Jun,190140.47
any,2010,1,MAUI CTY,Jul,214115.28
any,2010,1,MAUI CTY,Aug,197403.43
any,2010,1,MAUI CTY,Sep,155360.72
any,2010,1,MAUI CTY,Oct,174854.51
any,2010,1,MAUI CTY,Nov,168613.32
any,2010,1,MAUI CTY,Dec,189949.12
any,2010,1,MAUI,Jan,158962.69
any,2010,1,MAUI,Feb,162636.40
any,2010,1,MAUI,Mar,181336.93
any,2010,1,MAUI,Apr,162651.12
any,2010,1,MAUI,May,161441.20
any,2010,1,MAUI,Jun,186681.52
any,2010,1,MAUI,Jul,210504.15
any,2010,1,MAUI,Aug,193681.72
any,2010,1,MAUI,Sep,152156.34
any,2010,1,MAUI,Oct,171275.20
any,2010,1,MAUI,Nov,165227.01
any,2010,1,MAUI,Dec,185514.72
any,2010,1,MOLOKA'I,Jan,4348.67
any,2010,1,MOLOKA'I,Feb,4239.26
any,2010,1,MOLOKA'I,Mar,4198.24
any,2010,1,MOLOKA'I,Apr,3558.41
any,2010,1,MOLOKA'I,May,3745.12
any,2010,1,MOLOKA'I,Jun,4109.53
any,2010,1,MOLOKA'I,Jul,4792.00
any,2010,1,MOLOKA'I,Aug,4099.53
any,2010,1,MOLOKA'I,Sep,4243.86
any,2010,1,MOLOKA'I,Oct,4416.55
any,2010,1,MOLOKA'I,Nov,3794.25
any,2010,1,MOLOKA'I,Dec,4707.37
any,2010,1,LĀNA'I,Jan,4926.06
any,2010,1,LĀNA'I,Feb,5742.22
any,2010,1,LĀNA'I,Mar,5729.07
any,2010,1,LĀNA'I,Apr,5476.29
any,2010,1,LĀNA'I,May,5873.43
any,2010,1,LĀNA'I,Jun,5824.26
any,2010,1,LĀNA'I,Jul,6232.97
any,2010,1,LĀNA'I,Aug,6235.12
any,2010,1,LĀNA'I,Sep,5663.74
any,2010,1,LĀNA'I,Oct,5340.10
any,2010,1,LĀNA'I,Nov,4918.25
any,2010,1,LĀNA'I,Dec,6922.41
any,2010,1,KAUA'I,Jan,71048.52
any,2010,1,KAUA'I,Feb,69780.81
any,2010,1,KAUA'I,Mar,79858.36
any,2010,1,KAUA'I,Apr,76508.47
any,2010,1,KAUA'I,May,77699.71
any,2010,1,KAUA'I,Jun,92569.27
any,2010,1,KAUA'I,Jul,100833.82
any,2010,1,KAUA'I,Aug,90773.80
any,2010,1,KAUA'I,Sep,73645.74
any,2010,1,KAUA'I,Oct,79332.26
any,2010,1,KAUA'I,Nov,71715.40
any,2010,1,KAUA'I,Dec,80957.67
any,2010,1,HAWAI'I ISLAND,Jan,105202.76
any,2010,1,HAWAI'I ISLAND,Feb,102227.43
any,2010,1,HAWAI'I ISLAND,Mar,107397.98
any,2010,1,HAWAI'I ISLAND,Apr,103510.91
any,2010,1,HAWAI'I ISLAND,May,95241.12
any,2010,1,HAWAI'I ISLAND,Jun,116074.87
any,2010,1,HAWAI'I ISLAND,Jul,127504.81
any,2010,1,HAWAI'I ISLAND,Aug,120957.15
any,2010,1,HAWAI'I ISLAND,Sep,92392.72
any,2010,1,HAWAI'I ISLAND,Oct,105329.05
any,2010,1,HAWAI'I ISLAND,Nov,100611.79
any,2010,1,HAWAI'I ISLAND,Dec,114408.50
any,2010,1,HILO,Jan,40580.05
any,2010,1,HILO,Feb,37718.12
any,2010,1,HILO,Mar,38907.39
any,2010,1,HILO,Apr,38635.96
any,2010,1,HILO,May,36850.48
any,2010,1,HILO,Jun,44545.42
any,2010,1,HILO,Jul,47022.15
any,2010,1,HILO,Aug,42779.71
any,2010,1,HILO,Sep,36790.30
any,2010,1,HILO,Oct,37748.00
any,2010,1,HILO,Nov,34543.78
any,2010,1,HILO,Dec,42101.45
any,2010,1,KONA,Jan,86544.88
any,2010,1,KONA,Feb,84152.52
any,2010,1,KONA,Mar,89288.13
any,2010,1,KONA,Apr,87686.21
any,2010,1,KONA,May,78526.70
any,2010,1,KONA,Jun,94977.58
any,2010,1,KONA,Jul,106415.47
any,2010,1,KONA,Aug,101385.20
any,2010,1,KONA,Sep,75816.54
any,2010,1,KONA,Oct,87815.22
any,2010,1,KONA,Nov,84752.41
any,2010,1,KONA,Dec,95457.08
any,2011,1,O'AHU,Jan,358571.50
any,2011,1,O'AHU,Feb,347490.18
any,2011,1,O'AHU,Mar,357242.18
any,2011,1,O'AHU,Apr,328133.82
any,2011,1,O'AHU,May,344955.21
any,2011,1,O'AHU,Jun,372619.75
any,2011,1,O'AHU,Jul,407450.21
any,2011,1,O'AHU,Aug,410956.30
any,2011,1,O'AHU,Sep,358582.50
any,2011,1,O'AHU,Oct,358394.45
any,2011,1,O'AHU,Nov,343277.88
any,2011,1,O'AHU,Dec,413949.93
any,2011,1,MAUI CTY,Jan,179819.85
any,2011,1,MAUI CTY,Feb,181502.69
any,2011,1,MAUI CTY,Mar,206957.88
any,2011,1,MAUI CTY,Apr,182350.98
any,2011,1,MAUI CTY,May,165242.84
any,2011,1,MAUI CTY,Jun,192908.25
any,2011,1,MAUI CTY,Jul,212518.77
any,2011,1,MAUI CTY,Aug,188300.21
any,2011,1,MAUI CTY,Sep,160814.16
any,2011,1,MAUI CTY,Oct,171849.46
any,2011,1,MAUI CTY,Nov,169823.47
any,2011,1,MAUI CTY,Dec,199324.38
any,2011,1,MAUI,Jan,174924.12
any,2011,1,MAUI,Feb,177431.47
any,2011,1,MAUI,Mar,202791.49
any,2011,1,MAUI,Apr,179270.06
any,2011,1,MAUI,May,162061.92
any,2011,1,MAUI,Jun,189730.67
any,2011,1,MAUI,Jul,208853.59
any,2011,1,MAUI,Aug,185352.04
any,2011,1,MAUI,Sep,157947.08
any,2011,1,MAUI,Oct,168043.15
any,2011,1,MAUI,Nov,166566.65
any,2011,1,MAUI,Dec,195515.09
any,2011,1,MOLOKA'I,Jan,4749.91
any,2011,1,MOLOKA'I,Feb,4488.91
any,2011,1,MOLOKA'I,Mar,7783.81
any,2011,1,MOLOKA'I,Apr,3962.31
any,2011,1,MOLOKA'I,May,3611.07
any,2011,1,MOLOKA'I,Jun,4533.04
any,2011,1,MOLOKA'I,Jul,4493.52
any,2011,1,MOLOKA'I,Aug,3837.47
any,2011,1,MOLOKA'I,Sep,3624.55
any,2011,1,MOLOKA'I,Oct,4311.13
any,2011,1,MOLOKA'I,Nov,3917.92
any,2011,1,MOLOKA'I,Dec,5936.06
any,2011,1,LĀNA'I,Jan,5782.94
any,2011,1,LĀNA'I,Feb,6104.11
any,2011,1,LĀNA'I,Mar,9666.58
any,2011,1,LĀNA'I,Apr,6382.36
any,2011,1,LĀNA'I,May,6036.53
any,2011,1,LĀNA'I,Jun,5736.43
any,2011,1,LĀNA'I,Jul,6523.15
any,2011,1,LĀNA'I,Aug,5680.09
any,2011,1,LĀNA'I,Sep,5608.61
any,2011,1,LĀNA'I,Oct,5607.75
any,2011,1,LĀNA'I,Nov,5025.26
any,2011,1,LĀNA'I,Dec,6850.48
any,2011,1,KAUA'I,Jan,75582.44
any,2011,1,KAUA'I,Feb,76819.02
any,2011,1,KAUA'I,Mar,82260.83
any,2011,1,KAUA'I,Apr,83749.86
any,2011,1,KAUA'I,May,82091.93
any,2011,1,KAUA'I,Jun,92504.83
any,2011,1,KAUA'I,Jul,102443.77
any,2011,1,KAUA'I,Aug,89228.06
any,2011,1,KAUA'I,Sep,81386.40
any,2011,1,KAUA'I,Oct,81645.68
any,2011,1,KAUA'I,Nov,72879.58
any,2011,1,KAUA'I,Dec,90907.13
any,2011,1,HAWAI'I ISLAND,Jan,115037.32
any,2011,1,HAWAI'I ISLAND,Feb,116585.58
any,2011,1,HAWAI'I ISLAND,Mar,118908.41
any,2011,1,HAWAI'I ISLAND,Apr,104550.76
any,2011,1,HAWAI'I ISLAND,May,96718.02
any,2011,1,HAWAI'I ISLAND,Jun,109698.92
any,2011,1,HAWAI'I ISLAND,Jul,124426.62
any,2011,1,HAWAI'I ISLAND,Aug,113767.00
any,2011,1,HAWAI'I ISLAND,Sep,99006.78
any,2011,1,HAWAI'I ISLAND,Oct,98886.09
any,2011,1,HAWAI'I ISLAND,Nov,96967.26
any,2011,1,HAWAI'I ISLAND,Dec,123757.69
any,2011,1,HILO,Jan,40415.31
any,2011,1,HILO,Feb,41193.12
any,2011,1,HILO,Mar,43952.74
any,2011,1,HILO,Apr,37651.65
any,2011,1,HILO,May,38216.22
any,2011,1,HILO,Jun,43613.95
any,2011,1,HILO,Jul,45640.28
any,2011,1,HILO,Aug,40388.12
any,2011,1,HILO,Sep,37837.38
any,2011,1,HILO,Oct,36063.94
any,2011,1,HILO,Nov,35259.59
any,2011,1,HILO,Dec,44904.52
any,2011,1,KONA,Jan,96679.99
any,2011,1,KONA,Feb,98345.18
any,2011,1,KONA,Mar,100729.13
any,2011,1,KONA,Apr,90399.56
any,2011,1,KONA,May,79118.47
any,2011,1,KONA,Jun,91187.68
any,2011,1,KONA,Jul,104440.74
any,2011,1,KONA,Aug,94422.97
any,2011,1,KONA,Sep,83032.12
any,2011,1,KONA,Oct,82602.07
any,2011,1,KONA,Nov,81317.79
any,2011,1,KONA,Dec,104186.80
any,2012,1,O'AHU,Jan,390301.04
any,2012,1,O'AHU,Feb,366579.73
any,2012,1,O'AHU,Mar,405062.21
any,2012,1,O'AHU,Apr,371770.92
any,2012,1,O'AHU,May,396694.15
any,2012,1,O'AHU,Jun,427096.16
any,2012,1,O'AHU,Jul,459248.54
any,2012,1,O'AHU,Aug,466004.30
any,2012,1,O'AHU,Sep,388307.36
any,2012,1,O'AHU,Oct,390490.10
any,2012,1,O'AHU,Nov,394273.79
any,2012,1,O'AHU,Dec,448217.16
any,2012,1,MAUI CTY,Jan,194304.51
any,2012,1,MAUI CTY,Feb,189302.38
any,2012,1,MAUI CTY,Mar,218946.40
any,2012,1,MAUI CTY,Apr,190128.63
any,2012,1,MAUI CTY,May,175562.55
any,2012,1,MAUI CTY,Jun,210670.19
any,2012,1,MAUI CTY,Jul,217404.03
any,2012,1,MAUI CTY,Aug,207927.99
any,2012,1,MAUI CTY,Sep,166744.87
any,2012,1,MAUI CTY,Oct,181629.37
any,2012,1,MAUI CTY,Nov,185653.00
any,2012,1,MAUI CTY,Dec,215055.29
any,2012,1,MAUI,Jan,190323.82
any,2012,1,MAUI,Feb,185220.12
any,2012,1,MAUI,Mar,215132.09
any,2012,1,MAUI,Apr,186610.63
any,2012,1,MAUI,May,172116.73
any,2012,1,MAUI,Jun,206946.62
any,2012,1,MAUI,Jul,213700.33
any,2012,1,MAUI,Aug,204669.26
any,2012,1,MAUI,Sep,163167.07
any,2012,1,MAUI,Oct,178430.05
any,2012,1,MAUI,Nov,182442.81
any,2012,1,MAUI,Dec,210434.29
any,2012,1,MOLOKA'I,Jan,4993.37
any,2012,1,MOLOKA'I,Feb,4610.90
any,2012,1,MOLOKA'I,Mar,4361.12
any,2012,1,MOLOKA'I,Apr,4841.19
any,2012,1,MOLOKA'I,May,4295.24
any,2012,1,MOLOKA'I,Jun,4168.55
any,2012,1,MOLOKA'I,Jul,4683.27
any,2012,1,MOLOKA'I,Aug,4036.43
any,2012,1,MOLOKA'I,Sep,4124.55
any,2012,1,MOLOKA'I,Oct,4106.44
any,2012,1,MOLOKA'I,Nov,4068.97
any,2012,1,MOLOKA'I,Dec,5032.63
any,2012,1,LĀNA'I,Jan,6355.81
any,2012,1,LĀNA'I,Feb,6054.62
any,2012,1,LĀNA'I,Mar,6581.88
any,2012,1,LĀNA'I,Apr,6319.37
any,2012,1,LĀNA'I,May,5638.70
any,2012,1,LĀNA'I,Jun,6459.03
any,2012,1,LĀNA'I,Jul,6138.16
any,2012,1,LĀNA'I,Aug,6592.55
any,2012,1,LĀNA'I,Sep,5544.68
any,2012,1,LĀNA'I,Oct,5212.72
any,2012,1,LĀNA'I,Nov,5317.46
any,2012,1,LĀNA'I,Dec,6433.93
any,2012,1,KAUA'I,Jan,83300.18
any,2012,1,KAUA'I,Feb,81617.75
any,2012,1,KAUA'I,Mar,93530.24
any,2012,1,KAUA'I,Apr,86965.67
any,2012,1,KAUA'I,May,85173.59
any,2012,1,KAUA'I,Jun,101904.99
any,2012,1,KAUA'I,Jul,103443.93
any,2012,1,KAUA'I,Aug,100502.66
any,2012,1,KAUA'I,Sep,83743.07
any,2012,1,KAUA'I,Oct,84434.86
any,2012,1,KAUA'I,Nov,82936.99
any,2012,1,KAUA'I,Dec,97127.06
any,2012,1,HAWAI'I ISLAND,Jan,125590.25
any,2012,1,HAWAI'I ISLAND,Feb,119627.60
any,2012,1,HAWAI'I ISLAND,Mar,131682.39
any,2012,1,HAWAI'I ISLAND,Apr,112910.68
any,2012,1,HAWAI'I ISLAND,May,104380.96
any,2012,1,HAWAI'I ISLAND,Jun,118149.36
any,2012,1,HAWAI'I ISLAND,Jul,133257.04
any,2012,1,HAWAI'I ISLAND,Aug,129441.40
any,2012,1,HAWAI'I ISLAND,Sep,96284.40
any,2012,1,HAWAI'I ISLAND,Oct,113416.73
any,2012,1,HAWAI'I ISLAND,Nov,113244.00
any,2012,1,HAWAI'I ISLAND,Dec,135296.95
any,2012,1,HILO,Jan,45685.78
any,2012,1,HILO,Feb,41764.12
any,2012,1,HILO,Mar,47266.98
any,2012,1,HILO,Apr,45068.86
any,2012,1,HILO,May,40719.27
any,2012,1,HILO,Jun,43765.89
any,2012,1,HILO,Jul,48698.89
any,2012,1,HILO,Aug,47537.14
any,2012,1,HILO,Sep,36817.89
any,2012,1,HILO,Oct,38770.07
any,2012,1,HILO,Nov,41735.13
any,2012,1,HILO,Dec,48605.10
any,2012,1,KONA,Jan,104916.71
any,2012,1,KONA,Feb,99871.74
any,2012,1,KONA,Mar,110740.06
any,2012,1,KONA,Apr,92541.07
any,2012,1,KONA,May,85060.18
any,2012,1,KONA,Jun,98043.60
any,2012,1,KONA,Jul,109813.06
any,2012,1,KONA,Aug,110222.99
any,2012,1,KONA,Sep,79307.21
any,2012,1,KONA,Oct,95335.39
any,2012,1,KONA,Nov,92884.54
any,2012,1,KONA,Dec,112732.71
any,2013,1,O'AHU,Jan,395363.77
any,2013,1,O'AHU,Feb,386215.72
any,2013,1,O'AHU,Mar,434897.41
any,2013,1,O'AHU,Apr,386073.66
any,2013,1,O'AHU,May,410650.83
any,2013,1,O'AHU,Jun,449660.00
any,2013,1,O'AHU,Jul,486709.16
any,2013,1,O'AHU,Aug,480529.56
any,2013,1,O'AHU,Sep,392513.80
any,2013,1,O'AHU,Oct,402225.20
any,2013,1,O'AHU,Nov,381627.25
any,2013,1,O'AHU,Dec,437809.42
any,2013,1,MAUI CTY,Jan,203148.35
any,2013,1,MAUI CTY,Feb,194121.24
any,2013,1,MAUI CTY,Mar,221951.27
any,2013,1,MAUI CTY,Apr,192826.63
any,2013,1,MAUI CTY,May,185431.85
any,2013,1,MAUI CTY,Jun,215514.98
any,2013,1,MAUI CTY,Jul,228939.56
any,2013,1,MAUI CTY,Aug,211552.63
any,2013,1,MAUI CTY,Sep,168984.89
any,2013,1,MAUI CTY,Oct,179781.93
any,2013,1,MAUI CTY,Nov,184109.04
any,2013,1,MAUI CTY,Dec,215370.36
any,2013,1,MAUI,Jan,198821.60
any,2013,1,MAUI,Feb,190752.42
any,2013,1,MAUI,Mar,217820.13
any,2013,1,MAUI,Apr,189407.67
any,2013,1,MAUI,May,182190.27
any,2013,1,MAUI,Jun,211887.60
any,2013,1,MAUI,Jul,225274.09
any,2013,1,MAUI,Aug,208400.70
any,2013,1,MAUI,Sep,165981.74
any,2013,1,MAUI,Oct,176230.59
any,2013,1,MAUI,Nov,180874.38
any,2013,1,MAUI,Dec,211142.35
any,2013,1,MOLOKA'I,Jan,5269.67
any,2013,1,MOLOKA'I,Feb,4204.20
any,2013,1,MOLOKA'I,Mar,4336.34
any,2013,1,MOLOKA'I,Apr,4457.60
any,2013,1,MOLOKA'I,May,4315.19
any,2013,1,MOLOKA'I,Jun,4591.02
any,2013,1,MOLOKA'I,Jul,4792.27
any,2013,1,MOLOKA'I,Aug,3748.44
any,2013,1,MOLOKA'I,Sep,4965.09
any,2013,1,MOLOKA'I,Oct,4502.88
any,2013,1,MOLOKA'I,Nov,4353.87
any,2013,1,MOLOKA'I,Dec,5620.61
any,2013,1,LĀNA'I,Jan,6302.13
any,2013,1,LĀNA'I,Feb,6144.65
any,2013,1,LĀNA'I,Mar,6664.16
any,2013,1,LĀNA'I,Apr,5696.40
any,2013,1,LĀNA'I,May,5476.75
any,2013,1,LĀNA'I,Jun,7037.25
any,2013,1,LĀNA'I,Jul,6212.18
any,2013,1,LĀNA'I,Aug,6241.81
any,2013,1,LĀNA'I,Sep,6392.46
any,2013,1,LĀNA'I,Oct,5883.03
any,2013,1,LĀNA'I,Nov,5507.42
any,2013,1,LĀNA'I,Dec,6751.66
any,2013,1,KAUA'I,Jan,92093.67
any,2013,1,KAUA'I,Feb,88562.28
any,2013,1,KAUA'I,Mar,94697.54
any,2013,1,KAUA'I,Apr,87642.63
any,2013,1,KAUA'I,May,90382.28
any,2013,1,KAUA'I,Jun,105546.07
any,2013,1,KAUA'I,Jul,108842.19
any,2013,1,KAUA'I,Aug,102012.59
any,2013,1,KAUA'I,Sep,84074.02
any,2013,1,KAUA'I,Oct,86880.33
any,2013,1,KAUA'I,Nov,81961.30
any,2013,1,KAUA'I,Dec,91659.34
any,2013,1,HAWAI'I ISLAND,Jan,131257.46
any,2013,1,HAWAI'I ISLAND,Feb,128212.01
any,2013,1,HAWAI'I ISLAND,Mar,132519.96
any,2013,1,HAWAI'I ISLAND,Apr,108188.42
any,2013,1,HAWAI'I ISLAND,May,108411.04
any,2013,1,HAWAI'I ISLAND,Jun,130936.38
any,2013,1,HAWAI'I ISLAND,Jul,134859.31
any,2013,1,HAWAI'I ISLAND,Aug,128282.46
any,2013,1,HAWAI'I ISLAND,Sep,101935.71
any,2013,1,HAWAI'I ISLAND,Oct,103929.86
any,2013,1,HAWAI'I ISLAND,Nov,101943.09
any,2013,1,HAWAI'I ISLAND,Dec,124769.42
any,2013,1,HILO,Jan,48032.76
any,2013,1,HILO,Feb,46264.58
any,2013,1,HILO,Mar,42997.67
any,2013,1,HILO,Apr,40674.37
any,2013,1,HILO,May,43298.25
any,2013,1,HILO,Jun,50977.45
any,2013,1,HILO,Jul,50151.07
any,2013,1,HILO,Aug,46147.84
any,2013,1,HILO,Sep,37878.60
any,2013,1,HILO,Oct,37852.51
any,2013,1,HILO,Nov,36074.88
any,2013,1,HILO,Dec,44354.78
any,2013,1,KONA,Jan,110735.76
any,2013,1,KONA,Feb,107256.72
any,2013,1,KONA,Mar,111350.65
any,2013,1,KONA,Apr,89663.32
any,2013,1,KONA,May,89199.05
any,2013,1,KONA,Jun,106942.12
any,2013,1,KONA,Jul,111549.34
any,2013,1,KONA,Aug,108843.97
any,2013,1,KONA,Sep,86298.58
any,2013,1,KONA,Oct,87706.32
any,2013,1,KONA,Nov,86437.71
any,2013,1,KONA,Dec,105269.54
any,2014,1,O'AHU,Jan,417883.06
any,2014,1,O'AHU,Feb,392615.32
any,2014,1,O'AHU,Mar,436844.90
any,2014,1,O'AHU,Apr,392377.05
any,2014,1,O'AHU,May,414449.87
any,2014,1,O'AHU,Jun,466255.52
any,2014,1,O'AHU,Jul,496626.48
any,2014,1,O'AHU,Aug,481794.54
any,2014,1,O'AHU,Sep,413046.29
any,2014,1,O'AHU,Oct,422733.70
any,2014,1,O'AHU,Nov,392912.43
any,2014,1,O'AHU,Dec,465081.42
any,2014,1,MAUI CTY,Jan,204222.47
any,2014,1,MAUI CTY,Feb,194928.24
any,2014,1,MAUI CTY,Mar,219958.55
any,2014,1,MAUI CTY,Apr,202164.61
any,2014,1,MAUI CTY,May,194023.97
any,2014,1,MAUI CTY,Jun,211824.83
any,2014,1,MAUI CTY,Jul,230297.78
any,2014,1,MAUI CTY,Aug,207878.13
any,2014,1,MAUI CTY,Sep,174315.91
any,2014,1,MAUI CTY,Oct,192729.64
any,2014,1,MAUI CTY,Nov,192122.61
any,2014,1,MAUI CTY,Dec,232467.99
any,2014,1,MAUI,Jan,200641.77
any,2014,1,MAUI,Feb,191758.26
any,2014,1,MAUI,Mar,216561.91
any,2014,1,MAUI,Apr,199374.22
any,2014,1,MAUI,May,190840.61
any,2014,1,MAUI,Jun,208634.61
any,2014,1,MAUI,Jul,227227.64
any,2014,1,MAUI,Aug,204886.21
any,2014,1,MAUI,Sep,171315.68
any,2014,1,MAUI,Oct,189389.96
any,2014,1,MAUI,Nov,188599.19
any,2014,1,MAUI,Dec,228187.43
any,2014,1,MOLOKA'I,Jan,5362.73
any,2014,1,MOLOKA'I,Feb,4867.07
any,2014,1,MOLOKA'I,Mar,4711.47
any,2014,1,MOLOKA'I,Apr,4340.79
any,2014,1,MOLOKA'I,May,4881.18
any,2014,1,MOLOKA'I,Jun,5130.50
any,2014,1,MOLOKA'I,Jul,5199.32
any,2014,1,MOLOKA'I,Aug,4740.45
any,2014,1,MOLOKA'I,Sep,4545.48
any,2014,1,MOLOKA'I,Oct,4943.90
any,2014,1,MOLOKA'I,Nov,5088.06
any,2014,1,MOLOKA'I,Dec,6288.82
any,2014,1,LĀNA'I,Jan,6026.70
any,2014,1,LĀNA'I,Feb,5256.32
any,2014,1,LĀNA'I,Mar,5424.88
any,2014,1,LĀNA'I,Apr,5550.37
any,2014,1,LĀNA'I,May,5924.69
any,2014,1,LĀNA'I,Jun,4956.63
any,2014,1,LĀNA'I,Jul,5539.52
any,2014,1,LĀNA'I,Aug,5632.38
any,2014,1,LĀNA'I,Sep,5784.86
any,2014,1,LĀNA'I,Oct,5412.14
any,2014,1,LĀNA'I,Nov,5408.94
any,2014,1,LĀNA'I,Dec,7233.01
any,2014,1,KAUA'I,Jan,92591.30
any,2014,1,KAUA'I,Feb,82926.40
any,2014,1,KAUA'I,Mar,92947.24
any,2014,1,KAUA'I,Apr,89283.24
any,2014,1,KAUA'I,May,92363.68
any,2014,1,KAUA'I,Jun,104708.21
any,2014,1,KAUA'I,Jul,113115.75
any,2014,1,KAUA'I,Aug,101319.22
any,2014,1,KAUA'I,Sep,81245.19
any,2014,1,KAUA'I,Oct,85421.74
any,2014,1,KAUA'I,Nov,82504.77
any,2014,1,KAUA'I,Dec,101546.15
any,2014,1,HAWAI'I ISLAND,Jan,131462.88
any,2014,1,HAWAI'I ISLAND,Feb,121408.97
any,2014,1,HAWAI'I ISLAND,Mar,127682.04
any,2014,1,HAWAI'I ISLAND,Apr,109439.20
any,2014,1,HAWAI'I ISLAND,May,106600.93
any,2014,1,HAWAI'I ISLAND,Jun,126073.62
any,2014,1,HAWAI'I ISLAND,Jul,140126.89
any,2014,1,HAWAI'I ISLAND,Aug,127923.07
any,2014,1,HAWAI'I ISLAND,Sep,100585.84
any,2014,1,HAWAI'I ISLAND,Oct,115588.51
any,2014,1,HAWAI'I ISLAND,Nov,107439.42
any,2014,1,HAWAI'I ISLAND,Dec,140352.63
any,2014,1,HILO,Jan,45695.07
any,2014,1,HILO,Feb,41570.06
any,2014,1,HILO,Mar,43669.66
any,2014,1,HILO,Apr,41196.11
any,2014,1,HILO,May,43449.48
any,2014,1,HILO,Jun,48619.71
any,2014,1,HILO,Jul,49776.85
any,2014,1,HILO,Aug,48276.67
any,2014,1,HILO,Sep,41267.81
any,2014,1,HILO,Oct,42217.21
any,2014,1,HILO,Nov,37145.53
any,2014,1,HILO,Dec,52015.37
any,2014,1,KONA,Jan,111508.64
any,2014,1,KONA,Feb,102750.48
any,2014,1,KONA,Mar,108365.16
any,2014,1,KONA,Apr,92678.84
any,2014,1,KONA,May,87828.69
any,2014,1,KONA,Jun,104562.25
any,2014,1,KONA,Jul,118856.90
any,2014,1,KONA,Aug,108681.69
any,2014,1,KONA,Sep,81456.20
any,2014,1,KONA,Oct,96842.10
any,2014,1,KONA,Nov,91985.14
any,2014,1,KONA,Dec,117454.48
any,2015,1,O'AHU,Jan,405600.18
any,2015,1,O'AHU,Feb,400685.82
any,2015,1,O'AHU,Mar,458775.64
any,2015,1,O'AHU,Apr,401169.40
any,2015,1,O'AHU,May,447537.22
any,2015,1,O'AHU,Jun,484757.09
any,2015,1,O'AHU,Jul,513577.15
any,2015,1,O'AHU,Aug,489422.85
any,2015,1,O'AHU,Sep,413825.89
any,2015,1,O'AHU,Oct,429361.13
any,2015,1,O'AHU,Nov,407376.13
any,2015,1,O'AHU,Dec,487823.55
any,2015,1,MAUI CTY,Jan,216727.56
any,2015,1,MAUI CTY,Feb,201220.79
any,2015,1,MAUI CTY,Mar,236319.23
any,2015,1,MAUI CTY,Apr,206073.71
any,2015,1,MAUI CTY,May,209770.87
any,2015,1,MAUI CTY,Jun,236801.53
any,2015,1,MAUI CTY,Jul,246557.47
any,2015,1,MAUI CTY,Aug,219225.57
any,2015,1,MAUI CTY,Sep,179691.87
any,2015,1,MAUI CTY,Oct,193490.58
any,2015,1,MAUI CTY,Nov,197549.89
any,2015,1,MAUI CTY,Dec,235881.46
any,2015,1,MAUI,Jan,212977.32
any,2015,1,MAUI,Feb,197831.89
any,2015,1,MAUI,Mar,231792.17
any,2015,1,MAUI,Apr,203082.26
any,2015,1,MAUI,May,206494.34
any,2015,1,MAUI,Jun,232297.05
any,2015,1,MAUI,Jul,243708.35
any,2015,1,MAUI,Aug,216265.42
any,2015,1,MAUI,Sep,177152.58
any,2015,1,MAUI,Oct,191102.34
any,2015,1,MAUI,Nov,194885.43
any,2015,1,MAUI,Dec,232572.50
any,2015,1,MOLOKA'I,Jan,6227.54
any,2015,1,MOLOKA'I,Feb,7299.85
any,2015,1,MOLOKA'I,Mar,7001.17
any,2015,1,MOLOKA'I,Apr,4099.84
any,2015,1,MOLOKA'I,May,4960.02
any,2015,1,MOLOKA'I,Jun,6892.78
any,2015,1,MOLOKA'I,Jul,5341.22
any,2015,1,MOLOKA'I,Aug,5158.18
any,2015,1,MOLOKA'I,Sep,4266.91
any,2015,1,MOLOKA'I,Oct,4053.56
any,2015,1,MOLOKA'I,Nov,3921.01
any,2015,1,MOLOKA'I,Dec,5544.96
any,2015,1,LĀNA'I,Jan,5666.28
any,2015,1,LĀNA'I,Feb,6342.32
any,2015,1,LĀNA'I,Mar,6289.63
any,2015,1,LĀNA'I,Apr,4774.42
any,2015,1,LĀNA'I,May,5280.06
any,2015,1,LĀNA'I,Jun,6401.52
any,2015,1,LĀNA'I,Jul,4098.61
any,2015,1,LĀNA'I,Aug,4566.99
any,2015,1,LĀNA'I,Sep,3658.88
any,2015,1,LĀNA'I,Oct,3579.83
any,2015,1,LĀNA'I,Nov,3450.01
any,2015,1,LĀNA'I,Dec,4281.73
any,2015,1,KAUA'I,Jan,97695.23
any,2015,1,KAUA'I,Feb,86269.68
any,2015,1,KAUA'I,Mar,103456.86
any,2015,1,KAUA'I,Apr,93007.89
any,2015,1,KAUA'I,May,98417.47
any,2015,1,KAUA'I,Jun,110804.64
any,2015,1,KAUA'I,Jul,116420.67
any,2015,1,KAUA'I,Aug,103924.01
any,2015,1,KAUA'I,Sep,85284.17
any,2015,1,KAUA'I,Oct,91860.45
any,2015,1,KAUA'I,Nov,82978.92
any,2015,1,KAUA'I,Dec,103632.05
any,2015,1,HAWAI'I ISLAND,Jan,130645.53
any,2015,1,HAWAI'I ISLAND,Feb,124858.14
any,2015,1,HAWAI'I ISLAND,Mar,138285.45
any,2015,1,HAWAI'I ISLAND,Apr,117142.11
any,2015,1,HAWAI'I ISLAND,May,116588.75
any,2015,1,HAWAI'I ISLAND,Jun,139026.52
any,2015,1,HAWAI'I ISLAND,Jul,148574.24
any,2015,1,HAWAI'I ISLAND,Aug,130350.58
any,2015,1,HAWAI'I ISLAND,Sep,101424.35
any,2015,1,HAWAI'I ISLAND,Oct,115228.92
any,2015,1,HAWAI'I ISLAND,Nov,109178.34
any,2015,1,HAWAI'I ISLAND,Dec,143670.34
any,2015,1,HILO,Jan,46893.47
any,2015,1,HILO,Feb,43486.49
any,2015,1,HILO,Mar,50160.25
any,2015,1,HILO,Apr,42680.70
any,2015,1,HILO,May,45531.99
any,2015,1,HILO,Jun,50243.07
any,2015,1,HILO,Jul,54643.46
any,2015,1,HILO,Aug,46840.58
any,2015,1,HILO,Sep,39682.33
any,2015,1,HILO,Oct,40516.16
any,2015,1,HILO,Nov,37506.23
any,2015,1,HILO,Dec,53579.08
any,2015,1,KONA,Jan,111284.62
any,2015,1,KONA,Feb,106516.05
any,2015,1,KONA,Mar,117783.38
any,2015,1,KONA,Apr,99852.79
any,2015,1,KONA,May,98271.85
any,2015,1,KONA,Jun,117797.98
any,2015,1,KONA,Jul,126198.51
any,2015,1,KONA,Aug,111612.39
any,2015,1,KONA,Sep,84935.09
any,2015,1,KONA,Oct,98348.29
any,2015,1,KONA,Nov,94004.94
any,2015,1,KONA,Dec,121415.12
any,2016,1,O'AHU,Jan,433867.77
any,2016,1,O'AHU,Feb,413383.65
any,2016,1,O'AHU,Mar,450642.53
any,2016,1,O'AHU,Apr,407656.00
any,2016,1,O'AHU,May,449776.84
any,2016,1,O'AHU,Jun,494833.75
any,2016,1,O'AHU,Jul,514313.10
any,2016,1,O'AHU,Aug,495517.63
any,2016,1,O'AHU,Sep,432533.00
any,2016,1,O'AHU,Oct,435329.84
any,2016,1,O'AHU,Nov,422040.05
any,2016,1,O'AHU,Dec,497335.06
any,2016,1,MAUI CTY,Jan,218881.83
any,2016,1,MAUI CTY,Feb,208808.97
any,2016,1,MAUI CTY,Mar,237678.63
any,2016,1,MAUI CTY,Apr,215460.31
any,2016,1,MAUI CTY,May,215814.07
any,2016,1,MAUI CTY,Jun,242029.45
any,2016,1,MAUI CTY,Jul,257962.86
any,2016,1,MAUI CTY,Aug,229595.44
any,2016,1,MAUI CTY,Sep,197718.86
any,2016,1,MAUI CTY,Oct,209871.93
any,2016,1,MAUI CTY,Nov,200238.32
any,2016,1,MAUI CTY,Dec,244028.65
any,2016,1,MAUI,Jan,215747.27
any,2016,1,MAUI,Feb,205407.13
any,2016,1,MAUI,Mar,232375.17
any,2016,1,MAUI,Apr,211662.57
any,2016,1,MAUI,May,212134.61
any,2016,1,MAUI,Jun,238647.65
any,2016,1,MAUI,Jul,254728.38
any,2016,1,MAUI,Aug,226189.57
any,2016,1,MAUI,Sep,194517.35
any,2016,1,MAUI,Oct,206507.16
any,2016,1,MAUI,Nov,196946.02
any,2016,1,MAUI,Dec,239374.01
any,2016,1,MOLOKA'I,Jan,5582.16
any,2016,1,MOLOKA'I,Feb,5027.94
any,2016,1,MOLOKA'I,Mar,6106.17
any,2016,1,MOLOKA'I,Apr,4397.88
any,2016,1,MOLOKA'I,May,4692.88
any,2016,1,MOLOKA'I,Jun,4830.59
any,2016,1,MOLOKA'I,Jul,4833.42
any,2016,1,MOLOKA'I,Aug,4937.10
any,2016,1,MOLOKA'I,Sep,4506.33
any,2016,1,MOLOKA'I,Oct,4237.06
any,2016,1,MOLOKA'I,Nov,4032.30
any,2016,1,MOLOKA'I,Dec,5747.83
any,2016,1,LĀNA'I,Jan,4334.06
any,2016,1,LĀNA'I,Feb,4150.30
any,2016,1,LĀNA'I,Mar,5332.68
any,2016,1,LĀNA'I,Apr,6086.50
any,2016,1,LĀNA'I,May,5826.83
any,2016,1,LĀNA'I,Jun,5126.96
any,2016,1,LĀNA'I,Jul,5054.30
any,2016,1,LĀNA'I,Aug,6147.27
any,2016,1,LĀNA'I,Sep,5103.85
any,2016,1,LĀNA'I,Oct,4671.14
any,2016,1,LĀNA'I,Nov,5231.71
any,2016,1,LĀNA'I,Dec,5958.87
any,2016,1,KAUA'I,Jan,96331.40
any,2016,1,KAUA'I,Feb,88314.51
any,2016,1,KAUA'I,Mar,96534.69
any,2016,1,KAUA'I,Apr,93001.34
any,2016,1,KAUA'I,May,95314.86
any,2016,1,KAUA'I,Jun,114323.40
any,2016,1,KAUA'I,Jul,119870.91
any,2016,1,KAUA'I,Aug,105087.09
any,2016,1,KAUA'I,Sep,89089.64
any,2016,1,KAUA'I,Oct,93991.74
any,2016,1,KAUA'I,Nov,87341.95
any,2016,1,KAUA'I,Dec,108067.28
any,2016,1,HAWAI'I ISLAND,Jan,136047.49
any,2016,1,HAWAI'I ISLAND,Feb,124627.37
any,2016,1,HAWAI'I ISLAND,Mar,133685.33
any,2016,1,HAWAI'I ISLAND,Apr,117457.49
any,2016,1,HAWAI'I ISLAND,May,114172.56
any,2016,1,HAWAI'I ISLAND,Jun,141537.40
any,2016,1,HAWAI'I ISLAND,Jul,148112.38
any,2016,1,HAWAI'I ISLAND,Aug,132883.66
any,2016,1,HAWAI'I ISLAND,Sep,111354.73
any,2016,1,HAWAI'I ISLAND,Oct,121280.52
any,2016,1,HAWAI'I ISLAND,Nov,113823.69
any,2016,1,HAWAI'I ISLAND,Dec,154960.15
any,2016,1,HILO,Jan,46870.52
any,2016,1,HILO,Feb,40858.08
any,2016,1,HILO,Mar,42468.25
any,2016,1,HILO,Apr,43516.94
any,2016,1,HILO,May,44461.33
any,2016,1,HILO,Jun,52054.24
any,2016,1,HILO,Jul,51873.53
any,2016,1,HILO,Aug,47938.04
any,2016,1,HILO,Sep,42321.12
any,2016,1,HILO,Oct,43634.25
any,2016,1,HILO,Nov,38335.78
any,2016,1,HILO,Dec,56192.19
any,2016,1,KONA,Jan,116621.36
any,2016,1,KONA,Feb,107072.61
any,2016,1,KONA,Mar,114227.47
any,2016,1,KONA,Apr,100828.48
any,2016,1,KONA,May,96977.80
any,2016,1,KONA,Jun,120962.07
any,2016,1,KONA,Jul,128410.93
any,2016,1,KONA,Aug,113258.15
any,2016,1,KONA,Sep,94851.28
any,2016,1,KONA,Oct,102969.15
any,2016,1,KONA,Nov,98666.90
any,2016,1,KONA,Dec,131135.24